name,title,description,short_name,long_name,type,length,source,value_format,other_info
a_mo_cnt,A_MO_CNT,Part A Months Count,A_MO_CNT,BENE_HI_CVRAGE_TOT_MONS,NUM,3,CMS Enrollment Database (EDB) (derived),0-12,
a_trm_cd,A_TRM_CD,Part A Termination Code,A_TRM_CD,BENE_PTA_TRMNTN_CD,CHAR,1,CMS Enrollment Database (EDB),,
aco_id_num,ACO_ID_NUM,Claim Accountable Care Organization (ACO) Identification Number,ACO_ID_NUM,ACO_ID_NUM,CHAR,10,NCH,,
adjstmt_dltn_cd,ADJSTMT_DLTN_CD,Adjustment Deletion Code,ADJDELCD,ADJSTMT_DLTN_CD,CHAR,1,PDE,,
admtg_dgns_cd,ADMTG_DGNS_CD,Claim Admitting Diagnosis Code,ADMTG_DGNS_CD,ADMTG_DGNS_CD,CHAR,7,NCH,,
admtg_dgns_vrsn_cd,ADMTG_DGNS_VRSN_CD,Claim Admitting Diagnosis Version Code (ICD-9 or ICD-10),ADMTG_DGNS_VRSN_CD,ADMTG_DGNS_VRSN_CD,CHAR,1,NCH,,
age,AGE,Age of beneficiary at end of year,AGE,BENE_AGE_AT_END_REF_YR,NUM,3,CMS Enrollment Database (EDB) (derived),Maximum age is 115,
asgmntcd,ASGMNTCD,Carrier Claim Provider Assignment Indicator Switch,ASGMNTCD,CARR_CLM_PRVDR_ASGNMT_IND_SW,CHAR,1,NCH,,
at_physn_npi,AT_PHYSN_NPI,Claim Attending Physician NPI Number,AT_NPI,AT_PHYSN_NPI,CHAR,10,NCH,,
at_physn_spclty_cd,AT_PHYSN_SPCLTY_CD,Claim Attending Physician Specialty Code,AT_PHYSN_SPCLTY_CD,AT_PHYSN_SPCLTY_CD,CHAR,2,NCH,,
at_physn_upin,AT_PHYSN_UPIN,Claim Attending Physician UPIN Number,AT_UPIN,AT_PHYSN_UPIN,CHAR,6,NCH,,
b_mo_cnt,B_MO_CNT,Part B Months Count,B_MO_CNT,BENE_SMI_CVRAGE_TOT_MONS,NUM,3,CMS Enrollment Database (EDB) (derived),0-12,
b_trm_cd,B_TRM_CD,Part B Termination Code,B_TRM_CD,BENE_PTB_TRMNTN_CD,CHAR,1,CMS Enrollment Database (EDB),,
bene_cnty_cd,BENE_CNTY_CD,County Code from Claim (SSA),CNTY_CD,BENE_CNTY_CD,CHAR,3,SSA/EDB,,
bene_dob,BENE_DOB,Beneficiary date of birth,BENE_DOB,BENE_BIRTH_DT,DATE,8,CMS Enrollment Database (EDB),MM/DD/YYYY,
bene_hospc_prd_cnt,BENE_HOSPC_PRD_CNT,Beneficiary's Hospice Period Count,HOSPCPRD,BENE_HOSPC_PRD_CNT,NUM,1,NCH,,
bene_id,BENE_ID,CCW Encrypted Beneficiary ID Number,BENE_ID,BENE_ID,CHAR,15,CCW,,
bene_lrd_used_cnt,BENE_LRD_USED_CNT,Beneficiary Medicare Lifetime Reserve Days (LRD) Used Count,LRD_USE,BENE_LRD_USED_CNT,NUM,3,NCH,,
bene_mlg_cntct_zip_cd,BENE_MLG_CNTCT_ZIP_CD,ZIP Code of Residence from Claim,ZIP_CD,BENE_MLG_CNTCT_ZIP_CD,CHAR,9,EDB,,
bene_race_cd,BENE_RACE_CD,Beneficiary Race Code,RACE_CD,BENE_RACE_CD,CHAR,1,SSA,,
bene_state_cd,BENE_STATE_CD,Beneficiary Residence (SSA) State Code,STATE_CD,BENE_STATE_CD,CHAR,2,SSA/EDB,,
bene_tot_coinsrnc_days_cnt,BENE_TOT_COINSRNC_DAYS_CNT,Beneficiary Total Coinsurance Days Count,COIN_DAY,BENE_TOT_COINSRNC_DAYS_CNT,NUM,3,NCH,,
bene_zip,BENE_ZIP,Zip code for beneficiary,BENE_ZIP,BENE_ZIP_CD,CHAR,9,CMS Enrollment Database (EDB),9-digit zip,
benefit_phase,BENEFIT_PHASE,Benefit Phase of Part D Event,BNFTPHAS,BENEFIT_PHASE,CHAR,2,PDE (derived),,
betos_cd,BETOS_CD,Line Berenson-Eggers Type of Service (BETOS) Code,BETOS,BETOS_CD,CHAR,3,NCH,,
bn,BN,Brand Name,BN,BN,CHAR,30,First DataBank,text description, DIABETIC SUPPLY for all diabetic supplies
brnd_gnrc_cd,BRND_GNRC_CD,Brand-Generic Code Reported by Submitting Plan,BRNDGNCD,BRND_GNRC_CD,CHAR,1,PDE,,
buyin01,BUYIN01,Medicare Entitlement/Buy-In Indicator – January,BUYIN01,BENE_MDCR_ENTLMT_BUYIN_IND_01,CHAR,1,CMS Enrollment Database (EDB) CODE,,
buyin02,BUYIN02,Medicare Entitlement/Buy-In Indicator - February,BUYIN02,BENE_MDCR_ENTLMT_BUYIN_IND_02,CHAR,1,CMS Enrollment Database (EDB) CODE,,
buyin03,BUYIN03,Medicare Entitlement/Buy-In Indicator - March,BUYIN03,BENE_MDCR_ENTLMT_BUYIN_IND_03,CHAR,1,CMS Enrollment Database (EDB) CODE,,
buyin04,BUYIN04,Medicare Entitlement/Buy-In Indicator - April,BUYIN04,BENE_MDCR_ENTLMT_BUYIN_IND_04,CHAR,1,CMS Enrollment Database (EDB) CODE,,
buyin05,BUYIN05,Medicare Entitlement/Buy-In Indicator - May,BUYIN05,BENE_MDCR_ENTLMT_BUYIN_IND_05,CHAR,1,CMS Enrollment Database (EDB) CODE,,
buyin06,BUYIN06,Medicare Entitlement/Buy-In Indicator - June,BUYIN06,BENE_MDCR_ENTLMT_BUYIN_IND_06,CHAR,1,CMS Enrollment Database (EDB) CODE,,
buyin07,BUYIN07,Medicare Entitlement/Buy-In Indicator - July,BUYIN07,BENE_MDCR_ENTLMT_BUYIN_IND_07,CHAR,1,CMS Enrollment Database (EDB) CODE,,
buyin08,BUYIN08,Medicare Entitlement/Buy-In Indicator - August,BUYIN08,BENE_MDCR_ENTLMT_BUYIN_IND_08,CHAR,1,CMS Enrollment Database (EDB) CODE,,
buyin09,BUYIN09,Medicare Entitlement/Buy-In Indicator - September,BUYIN09,BENE_MDCR_ENTLMT_BUYIN_IND_09,CHAR,1,CMS Enrollment Database (EDB) CODE,,
buyin10,BUYIN10,Medicare Entitlement/Buy-In Indicator - October,BUYIN10,BENE_MDCR_ENTLMT_BUYIN_IND_10,CHAR,1,CMS Enrollment Database (EDB) CODE,,
buyin11,BUYIN11,Medicare Entitlement/Buy-In Indicator - November,BUYIN11,BENE_MDCR_ENTLMT_BUYIN_IND_11,CHAR,1,CMS Enrollment Database (EDB) CODE,,
buyin12,BUYIN12,Medicare Entitlement/Buy-In Indicator - December,BUYIN12,BENE_MDCR_ENTLMT_BUYIN_IND_12,CHAR,1,CMS Enrollment Database (EDB) CODE,,
buyin_mo,BUYIN_MO,State Buy-In Coverage Count,BUYIN_MO,BENE_STATE_BUYIN_TOT_MONS,NUM,3,CMS Enrollment Database (EDB),0-12,
carr_clm_blg_npi_num,CARR_CLM_BLG_NPI_NUM,Carrier Claim Billing NPI Number,CARR_CLM_BLG_NPI_NUM,CARR_CLM_BLG_NPI_NUM,CHAR,10,NCH,,
carr_clm_cash_ddctbl_apld_amt,CARR_CLM_CASH_DDCTBL_APLD_AMT,Carrier Claim Cash Deductible Applied Amount (sum of all line-level deductible amounts),DEDAPPLY,CARR_CLM_CASH_DDCTBL_APLD_AMT,NUM,12,NCH,XXX.XX,
carr_clm_entry_cd,CARR_CLM_ENTRY_CD,Carrier Claim Entry Code,ENTRY_CD,CARR_CLM_ENTRY_CD,CHAR,1,NCH,,
carr_clm_hcpcs_yr_cd,CARR_CLM_HCPCS_YR_CD,Claim Healthcare Common Procedure Coding System (HCPCS) Year Code,HCPCS_YR,CARR_CLM_HCPCS_YR_CD,CHAR,1,NCH,,
carr_clm_pmt_dnl_cd,CARR_CLM_PMT_DNL_CD,Carrier Claim Payment Denial Code,PMTDNLCD,CARR_CLM_PMT_DNL_CD,CHAR,2,NCH,,
carr_clm_rfrng_pin_num,CARR_CLM_RFRNG_PIN_NUM,Carrier Claim Referring Provider ID Number (PIN),RFR_PRFL,CARR_CLM_RFRNG_PIN_NUM,CHAR,14,NCH,,
carr_line_ansthsa_unit_cnt,CARR_LINE_ANSTHSA_UNIT_CNT,Carrier Line Anesthesia Unit Count,CARR_LINE_ANSTHSA_UNIT_CNT,CARR_LINE_ANSTHSA_UNIT_CNT,NUM,2,NCH,,
carr_line_cl_chrg_amt,CARR_LINE_CL_CHRG_AMT,Carrier Line Clinical Lab Charge Amount,CARR_LINE_CL_CHRG_AMT,CARR_LINE_CL_CHRG_AMT,NUM,12,NCH,XXX.XX,
carr_line_clia_lab_num,CARR_LINE_CLIA_LAB_NUM,Clinical Laboratory Improvement Amendments (CLIA) monitored laboratory number,CARR_LINE_CLIA_LAB_NUM,CARR_LINE_CLIA_LAB_NUM,CHAR,10,NCH,,
carr_line_mtus_cd,CARR_LINE_MTUS_CD,Carrier Line Miles/Time/Units/Services (MTUS) Indicator Code,MTUS_IND,CARR_LINE_MTUS_CD,CHAR,1,NCH,,
carr_line_mtus_cnt,CARR_LINE_MTUS_CNT,Carrier Line Miles/Time/Units/Services (MTUS) Count,MTUS_CNT,CARR_LINE_MTUS_CNT,NUM,5,NCH,,
carr_line_prcng_lclty_cd,CARR_LINE_PRCNG_LCLTY_CD,Carrier Line Pricing Locality Code,LCLTY_CD,CARR_LINE_PRCNG_LCLTY_CD,CHAR,2,NCH,,
carr_line_prvdr_type_cd,CARR_LINE_PRVDR_TYPE_CD,Carrier Line Provider Type Code,PRV_TYPE,CARR_LINE_PRVDR_TYPE_CD,CHAR,1,NCH,,
carr_line_rdcd_pmt_phys_astn_c,CARR_LINE_RDCD_PMT_PHYS_ASTN_C,Carrier Line Reduced Payment Physician Assistant Code,ASTNT_CD,CARR_LINE_RDCD_PMT_PHYS_ASTN_C,CHAR,1,NCH,,
carr_num,CARR_NUM,Carrier or MAC Number,CARR_NUM,CARR_NUM,CHAR,5,NCH,,
carr_prfrng_pin_num,CARR_PRFRNG_PIN_NUM,Carrier Line Performing Provider ID Number (PIN),PRF_PRFL,CARR_PRFRNG_PIN_NUM,CHAR,15,NCH,,
carrxnum,CARRXNUM,Carrier Line RX Number,CARRXNUM,CARR_LINE_RX_NUM,CHAR,30,NCH,,
ccw_pharm_id,CCW_PHARM_ID,CCW Pharmacy Identifier,CCW_PHARM_ID,CCW_PHARM_ID,NUM,12,PDE and NCDPD dataQ™ (derived),"Null, or a 5-digit numeric value",
ccw_prscrbr_id,CCW_PRSCRBR_ID,CCW Prescriber Identifier,CCW_PRSCRBR_ID,CCW_PRSCRBR_ID,NUM,12,PDE and HCIdea™ Prescriber Database (derived),"Null, or any positive or negative number",
claim_query_cd,CLAIM_QUERY_CD,Claim Query Code,QUERY_CD,CLAIM_QUERY_CODE,CHAR,1,NCH,,
clm_admsn_dt,CLM_ADMSN_DT,Claim Admission Date,ADMSN_DT,CLM_ADMSN_DT,DATE,8,NCH,,
clm_base_oprtg_drg_amt,CLM_BASE_OPRTG_DRG_AMT,Claim Base Operating DRG Amount,CLM_BASE_OPRTG_DRG_AMT,CLM_BASE_OPRTG_DRG_AMT,NUM,12,NCH,,
clm_bene_pd_amt,CLM_BENE_PD_AMT,Carrier Claim Beneficiary Paid Amount,CLM_BENE_PD_AMT,CLM_BENE_PD_AMT,NUM,12,NCH,XXX.XX,
clm_bndld_adjstmt_pmt_amt,CLM_BNDLD_ADJSTMT_PMT_AMT,Claim Bundled Adjustment Payment Amount,CLM_BNDLD_ADJSTMT_PMT_AMT,CLM_BNDLD_ADJSTMT_PMT_AMT,NUM,12,NCH,XXX.XX,
clm_bndld_model_1_dscnt_pct,CLM_BNDLD_MODEL_1_DSCNT_PCT,Claim Bundled Model 1 Discount Percent,CLM_BNDLD_MODEL_1_DSCNT_PCT,CLM_BNDLD_MODEL_1_DSCNT_PCT,NUM,8,NCH,X.XX,
clm_care_imprvmt_model_cd1,CLM_CARE_IMPRVMT_MODEL_CD1,Claim Care Improvement Model 1 Code (bundled payment),CLM_CARE_IMPRVMT_MODEL_CD1,CLM_CARE_IMPRVMT_MODEL_CD1,CHAR,2,NCH,61 = Care Improvement Model 1 is used,
clm_care_imprvmt_model_cd2,CLM_CARE_IMPRVMT_MODEL_CD2,Claim Care Improvement Model 2 Code,CLM_CARE_IMPRVMT_MODEL_CD2,CLM_CARE_IMPRVMT_MODEL_CD2,CHAR,2,NCH,62 = Care Improvement Model 2 is used,
clm_care_imprvmt_model_cd3,CLM_CARE_IMPRVMT_MODEL_CD3,Claim Care Improvement Model 3 Code,CLM_CARE_IMPRVMT_MODEL_CD3,CLM_CARE_IMPRVMT_MODEL_CD3,CHAR,2,NCH,63 = Care Improvement Model 3 is used,
clm_care_imprvmt_model_cd4,CLM_CARE_IMPRVMT_MODEL_CD4,Claim Care Improvement Model 4 Code,CLM_CARE_IMPRVMT_MODEL_CD4,CLM_CARE_IMPRVMT_MODEL_CD4,CHAR,2,NCH,64 = Care Improvement Model 4 is used,
clm_clncl_tril_num,CLM_CLNCL_TRIL_NUM,Clinical Trial Number,CCLTRNUM,CLM_CLNCL_TRIL_NUM,CHAR,8,NCH,,
clm_disp_cd,CLM_DISP_CD,Claim Disposition Code,DISP_CD,CLM_DISP_CD,CHAR,2,NCH,01 = Debit accepted,
clm_drg_cd,CLM_DRG_CD,Claim Diagnosis Related Group Code (or MS-DRG Code),DRG_CD,CLM_DRG_CD,CHAR,3,NCH,,
clm_drg_outlier_stay_cd,CLM_DRG_OUTLIER_STAY_CD,Claim Diagnosis Related Group Outlier Stay Code,OUTLR_CD,CLM_DRG_OUTLIER_STAY_CD,CHAR,1,NCH,,
clm_e_poa_ind_sw1,CLM_E_POA_IND_SW1,Claim Diagnosis E Code I Diagnosis Present on Admission (POA) Indicator Code,CLM_E_POA_IND_SW1,CLM_E_POA_IND_SW1,CHAR,1,NCH,,
clm_e_poa_ind_sw10,CLM_E_POA_IND_SW10,Claim Diagnosis E Code X Diagnosis Present on Admission (POA) Indicator Code,CLM_E_POA_IND_SW10,CLM_E_POA_IND_SW10,CHAR,1,NCH,,
clm_e_poa_ind_sw11,CLM_E_POA_IND_SW11,Claim Diagnosis E Code XI Diagnosis Present on Admission (POA) Indicator Code,CLM_E_POA_IND_SW11,CLM_E_POA_IND_SW11,CHAR,1,NCH,,
clm_e_poa_ind_sw12,CLM_E_POA_IND_SW12,Claim Diagnosis E Code XII Diagnosis Present on Admission (POA) Indicator Code,CLM_E_POA_IND_SW12,CLM_E_POA_IND_SW12,CHAR,1,NCH,,
clm_e_poa_ind_sw2,CLM_E_POA_IND_SW2,Claim Diagnosis E Code II Diagnosis Present on Admission (POA) Indicator Code,CLM_E_POA_IND_SW2,CLM_E_POA_IND_SW2,CHAR,1,NCH,,
clm_e_poa_ind_sw3,CLM_E_POA_IND_SW3,Claim Diagnosis E Code III Diagnosis Present on Admission (POA) Indicator Code,CLM_E_POA_IND_SW3,CLM_E_POA_IND_SW3,CHAR,1,NCH,,
clm_e_poa_ind_sw4,CLM_E_POA_IND_SW4,Claim Diagnosis E Code IV Diagnosis Present on Admission (POA) Indicator Code,CLM_E_POA_IND_SW4,CLM_E_POA_IND_SW4,CHAR,1,NCH,,
clm_e_poa_ind_sw5,CLM_E_POA_IND_SW5,Claim Diagnosis E Code V Diagnosis Present on Admission (POA) Indicator Code,CLM_E_POA_IND_SW5,CLM_E_POA_IND_SW5,CHAR,1,NCH,,
clm_e_poa_ind_sw6,CLM_E_POA_IND_SW6,Claim Diagnosis E Code VI Diagnosis Present on Admission (POA) Indicator Code,CLM_E_POA_IND_SW6,CLM_E_POA_IND_SW6,CHAR,1,NCH,,
clm_e_poa_ind_sw7,CLM_E_POA_IND_SW7,Claim Diagnosis E Code VII Diagnosis Present on Admission (POA) Indicator Code,CLM_E_POA_IND_SW7,CLM_E_POA_IND_SW7,CHAR,1,NCH,,
clm_e_poa_ind_sw8,CLM_E_POA_IND_SW8,Claim Diagnosis E Code VIII Diagnosis Present on Admission (POA) Indicator Code,CLM_E_POA_IND_SW8,CLM_E_POA_IND_SW8,CHAR,1,NCH,,
clm_e_poa_ind_sw9,CLM_E_POA_IND_SW9,Claim Diagnosis E Code IX Diagnosis Present on Admission (POA) Indicator Code,CLM_E_POA_IND_SW9,CLM_E_POA_IND_SW9,CHAR,1,NCH,,
clm_fac_type_cd,CLM_FAC_TYPE_CD,Claim Facility Type Code,FAC_TYPE,CLM_FAC_TYPE_CD,CHAR,1,NCH,,
clm_freq_cd,CLM_FREQ_CD,Claim Frequency Code,FREQ_CD,CLM_FREQ_CD,CHAR,1,NCH,,
clm_full_std_pymt_amt,CLM_FULL_STD_PYMT_AMT,Claim Full Standard Payment Amount,CLM_FULL_STD_PYMT_AMT,CLM_FULL_STD_PYMT_AMT,NUM,12,NCH,XXX.XX,
clm_hha_lupa_ind_cd,CLM_HHA_LUPA_IND_CD,Claim HHA Low Utilization Payment Adjustment (LUPA) Indicator Code,LUPAIND,CLM_HHA_LUPA_IND_CD,CHAR,1,NCH,,
clm_hha_rfrl_cd,CLM_HHA_RFRL_CD,Claim HHA Referral Code,HHA_RFRL,CLM_HHA_RFRL_CD,CHAR,1,NCH,,
clm_hha_tot_visit_cnt,CLM_HHA_TOT_VISIT_CNT,Claim HHA Total Visit Count,VISITCNT,CLM_HHA_TOT_VISIT_CNT,NUM,3,NCH,,
clm_hosp_start_dt_id,CLM_HOSP_START_DT_ID,Claim Hospice Start Date,HSPCSTRT,CLM_HOSPC_START_DT_ID,DATE,8,NCH,,
clm_hrr_adjstmt_pct,CLM_HRR_ADJSTMT_PCT,Claim HRR Adjustment Percent,CLM_HRR_ADJSTMT_PCT,CLM_HRR_ADJSTMT_PCT,NUM,8,NCH,X.XXXX,
clm_hrr_adjstmt_pmt_amt,CLM_HRR_ADJSTMT_PMT_AMT,Claim Hospital Readmission Reduction (HRR) Adjustment Payment Amount,CLM_HRR_ADJSTMT_PMT_AMT,CLM_HRR_ADJSTMT_PMT_AMT,NUM,12,NCH,XXX.XX (may be a negative value),
clm_hrr_prtcpnt_ind_cd,CLM_HRR_PRTCPNT_IND_CD,Claim Hospital Readmission Reduction (HRR) Participant Indicator Code,CLM_HRR_PRTCPNT_IND_CD,CLM_HRR_PRTCPNT_IND_CD,CHAR,1,NCH,,
clm_id,CLM_ID,Claim ID,CLM_ID,CLM_ID,CHAR,15,CCW,,
clm_ip_admsn_type_cd,CLM_IP_ADMSN_TYPE_CD,Claim Inpatient Admission Type Code,TYPE_ADM,CLM_IP_ADMSN_TYPE_CD,CHAR,1,NCH,,
clm_ip_low_vol_pmt_amt,CLM_IP_LOW_VOL_PMT_AMT,Claim Inpatient Low Volume Payment Amount,CLM_IP_LOW_VOL_PMT_AMT,CLM_IP_LOW_VOL_PMT_AMT,NUM,12,NCH,XXX.XX,
clm_line_num,CLM_LINE_NUM,Claim Line Number,CLM_LN,CLM_LINE_NUM,NUM,13,CCW,,
clm_mco_pd_sw,CLM_MCO_PD_SW,Claim MCO Paid Switch,MCOPDSW,CLM_MCO_PD_SW,CHAR,1,NCH,,
clm_mdcl_rec,CLM_MDCL_REC,Claim Medical Record Number,CLM_MDCL_REC,CLM_MDCL_REC,CHAR,17,NCH,,
clm_mdcr_non_pmt_rsn_cd,CLM_MDCR_NON_PMT_RSN_CD,Claim Medicare Non Payment Reason Code,NOPAY_CD,CLM_MDCR_NON_PMT_RSN_CD,CHAR,2,NCH,,
clm_model_4_readmsn_ind_cd,CLM_MODEL_4_READMSN_IND_CD,Claim Model 4 Readmission Indicator Code,CLM_MODEL_4_READMSN_IND_CD,CLM_MODEL_4_READMSN_IND_CD,CHAR,1,NCH,,
clm_next_gnrtn_aco_ind_cd1,CLM_NEXT_GNRTN_ACO_IND_CD1,Claim Next Generation (NG) Accountable Care Organization (ACO) Indicator Code – Population-Based Payment (PBP),CLM_NEXT_GNRTN_ACO_IND_CD1,CLM_NEXT_GNRTN_ACO_IND_CD1,CHAR,1,NCH,,
clm_next_gnrtn_aco_ind_cd2,CLM_NEXT_GNRTN_ACO_IND_CD2,Claim Next Generation (NG) Accountable Care Organization (ACO) Indicator Code – Telehealth,CLM_NEXT_GNRTN_ACO_IND_CD2,CLM_NEXT_GNRTN_ACO_IND_CD2,CHAR,1,NCH,,
clm_next_gnrtn_aco_ind_cd3,CLM_NEXT_GNRTN_ACO_IND_CD3,Claim Next Generation (NG) Accountable Care Organization (ACO) Indicator Code – Post-discharge HH visits,CLM_NEXT_GNRTN_ACO_IND_CD3,CLM_NEXT_GNRTN_ACO_IND_CD3,CHAR,1,NCH,,
clm_next_gnrtn_aco_ind_cd4,CLM_NEXT_GNRTN_ACO_IND_CD4,Claim Next Generation (NG) Accountable Care Organization (ACO) Indicator Code – 3-day SNF waiver,CLM_NEXT_GNRTN_ACO_IND_CD4,CLM_NEXT_GNRTN_ACO_IND_CD4,CHAR,1,NCH,,
clm_next_gnrtn_aco_ind_cd5,CLM_NEXT_GNRTN_ACO_IND_CD5,Claim Next Generation (NG) Accountable Care Organization (ACO) Indicator Code – Capitation,CLM_NEXT_GNRTN_ACO_IND_CD5,CLM_NEXT_GNRTN_ACO_IND_CD5,CHAR,1,NCH,,
clm_non_utlztn_days_cnt,CLM_NON_UTLZTN_DAYS_CNT,Claim Medicare Non Utilization Days Count,NUTILDAY,CLM_NON_UTLZTN_DAYS_CNT,NUM,5,NCH,,
clm_op_bene_pmt_amt,CLM_OP_BENE_PMT_AMT,Claim Outpatient Payment Amount to Beneficiary,BENEPMT,CLM_OP_BENE_PMT_AMT,NUM,12,NCH,XXX.XX,
clm_op_esrd_mthd_cd,CLM_OP_ESRD_MTHD_CD,Claim Outpatient End Stage Renal Disease (ESRD) Method of Reimbursement Code,CLM_OP_ESRD_MTHD_CD,CLM_OP_ESRD_MTHD_CD,CHAR,1,NCH,,
clm_op_prvdr_pmt_amt,CLM_OP_PRVDR_PMT_AMT,Claim Outpatient Provider Payment Amount,PRVDRPMT,CLM_OP_PRVDR_PMT_AMT,NUM,12,NCH,XXX.XX,
clm_op_trans_type_cd,CLM_OP_TRANS_TYPE_CD,Claim Outpatient transaction type,CLM_OP_TRANS_TYPE_CD,CLM_OP_TRANS_TYPE_CD,CHAR,1,NCH,,
clm_pass_thru_per_diem_amt,CLM_PASS_THRU_PER_DIEM_AMT,Claim Pass Thru Per Diem Amount,PER_DIEM,CLM_PASS_THRU_PER_DIEM_AMT,NUM,12,NCH,,
clm_pmt_amt,CLM_PMT_AMT,Claim (Medicare) Payment Amount,PMT_AMT,CLM_PMT_AMT,NUM,12,NCH,,
clm_poa_ind_sw1,CLM_POA_IND_SW1,Claim Diagnosis Code I Diagnosis Present on Admission (POA) Indicator Code,CLM_POA_IND_SW1,CLM_POA_IND_SW1,CHAR,1,NCH,,
clm_poa_ind_sw10,CLM_POA_IND_SW10,Claim Diagnosis Code X Diagnosis Present on Admission (POA) Indicator Code,CLM_POA_IND_SW10,CLM_POA_IND_SW10,CHAR,1,NCH,,
clm_poa_ind_sw11,CLM_POA_IND_SW11,Claim Diagnosis Code XI Diagnosis Present on Admission (POA) Indicator Code,CLM_POA_IND_SW11,CLM_POA_IND_SW11,CHAR,1,NCH,,
clm_poa_ind_sw12,CLM_POA_IND_SW12,Claim Diagnosis Code XII Diagnosis Present on Admission (POA) Indicator Code,CLM_POA_IND_SW12,CLM_POA_IND_SW12,CHAR,1,NCH,,
clm_poa_ind_sw13,CLM_POA_IND_SW13,Claim Diagnosis Code XIII Diagnosis Present on Admission (POA) Indicator Code,CLM_POA_IND_SW13,CLM_POA_IND_SW13,CHAR,1,NCH,,
clm_poa_ind_sw14,CLM_POA_IND_SW14,Claim Diagnosis Code XIV Diagnosis Present on Admission (POA) Indicator Code,CLM_POA_IND_SW14,CLM_POA_IND_SW14,CHAR,1,NCH,,
clm_poa_ind_sw15,CLM_POA_IND_SW15,Claim Diagnosis Code XV Diagnosis Present on Admission (POA) Indicator Code,CLM_POA_IND_SW15,CLM_POA_IND_SW15,CHAR,1,NCH,,
clm_poa_ind_sw16,CLM_POA_IND_SW16,Claim Diagnosis Code XVI Diagnosis Present on Admission (POA) Indicator Code,CLM_POA_IND_SW16,CLM_POA_IND_SW16,CHAR,1,NCH,,
clm_poa_ind_sw17,CLM_POA_IND_SW17,Claim Diagnosis Code XVII Diagnosis Present on Admission (POA) Indicator Code,CLM_POA_IND_SW17,CLM_POA_IND_SW17,CHAR,1,NCH,,
clm_poa_ind_sw18,CLM_POA_IND_SW18,Claim Diagnosis Code XVIII Diagnosis Present on Admission (POA) Indicator Code,CLM_POA_IND_SW18,CLM_POA_IND_SW18,CHAR,1,NCH,,
clm_poa_ind_sw19,CLM_POA_IND_SW19,Claim Diagnosis Code XIX Diagnosis Present on Admission (POA) Indicator Code,CLM_POA_IND_SW19,CLM_POA_IND_SW19,CHAR,1,NCH,,
clm_poa_ind_sw2,CLM_POA_IND_SW2,Claim Diagnosis Code II Diagnosis Present on Admission (POA) Indicator Code,CLM_POA_IND_SW2,CLM_POA_IND_SW2,CHAR,1,NCH,,
clm_poa_ind_sw20,CLM_POA_IND_SW20,Claim Diagnosis Code XX Diagnosis Present on Admission (POA) Indicator Code,CLM_POA_IND_SW20,CLM_POA_IND_SW20,CHAR,1,NCH,,
clm_poa_ind_sw21,CLM_POA_IND_SW21,Claim Diagnosis Code XXI Diagnosis Present on Admission (POA) Indicator Code,CLM_POA_IND_SW21,CLM_POA_IND_SW21,CHAR,1,NCH,,
clm_poa_ind_sw22,CLM_POA_IND_SW22,Claim Diagnosis Code XXII Diagnosis Present on Admission (POA) Indicator Code,CLM_POA_IND_SW22,CLM_POA_IND_SW22,CHAR,1,NCH,,
clm_poa_ind_sw23,CLM_POA_IND_SW23,Claim Diagnosis Code XXIII Diagnosis Present on Admission (POA) Indicator Code,CLM_POA_IND_SW23,CLM_POA_IND_SW23,CHAR,1,NCH,,
clm_poa_ind_sw24,CLM_POA_IND_SW24,Claim Diagnosis Code XXIV Diagnosis Present on Admission (POA) Indicator Code,CLM_POA_IND_SW24,CLM_POA_IND_SW24,CHAR,1,NCH,,
clm_poa_ind_sw25,CLM_POA_IND_SW25,Claim Diagnosis Code XXV Diagnosis Present on Admission (POA) Indicator Code,CLM_POA_IND_SW25,CLM_POA_IND_SW25,CHAR,1,NCH,,
clm_poa_ind_sw3,CLM_POA_IND_SW3,Claim Diagnosis Code III Diagnosis Present on Admission (POA) Indicator Code,CLM_POA_IND_SW3,CLM_POA_IND_SW3,CHAR,1,NCH,,
clm_poa_ind_sw4,CLM_POA_IND_SW4,Claim Diagnosis Code IV Diagnosis Present on Admission (POA) Indicator Code,CLM_POA_IND_SW4,CLM_POA_IND_SW4,CHAR,1,NCH,,
clm_poa_ind_sw5,CLM_POA_IND_SW5,Claim Diagnosis Code V Diagnosis Present on Admission (POA) Indicator Code,CLM_POA_IND_SW5,CLM_POA_IND_SW5,CHAR,1,NCH,,
clm_poa_ind_sw6,CLM_POA_IND_SW6,Claim Diagnosis Code VI Diagnosis Present on Admission (POA) Indicator Code,CLM_POA_IND_SW6,CLM_POA_IND_SW6,CHAR,1,NCH,,
clm_poa_ind_sw7,CLM_POA_IND_SW7,Claim Diagnosis Code VII Diagnosis Present on Admission (POA) Indicator Code,CLM_POA_IND_SW7,CLM_POA_IND_SW7,CHAR,1,NCH,,
clm_poa_ind_sw8,CLM_POA_IND_SW8,Claim Diagnosis Code VIII Diagnosis Present on Admission (POA) Indicator Code,CLM_POA_IND_SW8,CLM_POA_IND_SW8,CHAR,1,NCH,,
clm_poa_ind_sw9,CLM_POA_IND_SW9,Claim Diagnosis Code IX Diagnosis Present on Admission (POA) Indicator Code,CLM_POA_IND_SW9,CLM_POA_IND_SW9,CHAR,1,NCH,,
clm_pps_cptl_drg_wt_num,CLM_PPS_CPTL_DRG_WT_NUM,Claim PPS Capital DRG Weight Number,DRGWTAMT,CLM_PPS_CPTL_DRG_WT_NUM,NUM,8,NCH,,
clm_pps_cptl_dsprprtnt_shr_amt,CLM_PPS_CPTL_DSPRPRTNT_SHR_AMT,Claim PPS Capital Disproportionate Share Amount,DISP_SHR,CLM_PPS_CPTL_DSPRPRTNT_SHR_AMT,NUM,12,NCH,XXX.XX,
clm_pps_cptl_excptn_amt,CLM_PPS_CPTL_EXCPTN_AMT,Claim PPS Capital Exception Amount,CPTL_EXP,CLM_PPS_CPTL_EXCPTN_AMT,NUM,12,NCH,XXX.XX,
clm_pps_cptl_fsp_amt,CLM_PPS_CPTL_FSP_AMT,Claim PPS Capital Federal Specific Portion (FSP) Amount,CPTL_FSP,CLM_PPS_CPTL_FSP_AMT,NUM,12,NCH,XXX.XX,
clm_pps_cptl_ime_amt,CLM_PPS_CPTL_IME_AMT,Claim PPS Capital Indirect Medical Education (IME) Amount,IME_AMT,CLM_PPS_CPTL_IME_AMT,NUM,12,NCH,,
clm_pps_cptl_outlier_amt,CLM_PPS_CPTL_OUTLIER_AMT,Claim PPS Capital Outlier Amount,CPTLOUTL,CLM_PPS_CPTL_OUTLIER_AMT,NUM,12,NCH,XXX.XX,
clm_pps_ind_cd,CLM_PPS_IND_CD,Claim PPS Indicator Code,PPS_IND,CLM_PPS_IND_CD,CHAR,1,NCH,,
clm_pps_old_cptl_hld_hrmls_amt,CLM_PPS_OLD_CPTL_HLD_HRMLS_AMT,Claim PPS Old Capital Hold Harmless Amount,HLDHRMLS,CLM_PPS_OLD_CPTL_HLD_HRMLS_AMT,NUM,12,NCH,,
clm_prcr_rtrn_cd,CLM_PRCR_RTRN_CD,Claim Pricer Return Code,CLM_PRCR_RTRN_CD,CLM_PRCR_RTRN_CD,CHAR,2,NCH,,
clm_rlt_cond_cd,CLM_RLT_COND_CD,Claim Related Condition Code,RLT_COND,CLM_RLT_COND_CD,CHAR,2,NCH,,
clm_rlt_ocrnc_cd,CLM_RLT_OCRNC_CD,Claim Related Occurrence Code,OCRNC_CD,CLM_RLT_OCRNC_CD,CHAR,2,NCH,,
clm_rlt_ocrnc_dt,CLM_RLT_OCRNC_DT,Claim Related Occurrence Date,OCRNCDT,CLM_RLT_OCRNC_DT,DATE,8,NCH,,
clm_site_ntrl_pymt_cst_amt,CLM_SITE_NTRL_PYMT_CST_AMT,Claim Site Neutral Payment Based on Cost Amount,CLM_SITE_NTRL_PYMT_CST_AMT,CLM_SITE_NTRL_PYMT_CST_AMT,NUM,12,NCH,XXX.XX,
clm_site_ntrl_pymt_ipps_amt,CLM_SITE_NTRL_PYMT_IPPS_AMT,Claim Site Neutral Payment Based on Inpatient Prospective Payment System (IPPS) Amounts,CLM_SITE_NTRL_PYMT_IPPS_AMT,CLM_SITE_NTRL_PYMT_IPPS_AMT,NUM,12,NCH,XXX.XX,
clm_span_cd,CLM_SPAN_CD,Claim Occurrence Span Code,SPAN_CD,CLM_SPAN_CD,CHAR,2,NCH,,
clm_span_from_dt,CLM_SPAN_FROM_DT,Claim Occurrence Span From Date,SPANFROM,CLM_SPAN_FROM_DT,DATE,8,NCH,,
clm_span_thru_dt,CLM_SPAN_THRU_DT,Claim Occurrence Span Through Date,SPANTHRU,CLM_SPAN_THRU_DT,DATE,8,NCH,,
clm_src_ip_admsn_cd,CLM_SRC_IP_ADMSN_CD,Claim Source Inpatient Admission Code,SRC_ADMS,CLM_SRC_IP_ADMSN_CD,CHAR,1,NCH,,
clm_srvc_clsfctn_type_cd,CLM_SRVC_CLSFCTN_TYPE_CD,Claim Service Classification Type Code,TYPESRVC,CLM_SRVC_CLSFCTN_TYPE_CD,CHAR,1,NCH,,
clm_srvc_fac_zip_cd,CLM_SRVC_FAC_ZIP_CD,Claim service facility ZIP code (where service was provided),CLM_SRVC_FAC_ZIP_CD,CLM_SRVC_FAC_ZIP_CD,CHAR,9,NCH,XXXXXXXXX,
clm_ss_outlier_std_pymt_amt,CLM_SS_OUTLIER_STD_PYMT_AMT,Claim Short Stay Outlier (SSO) Standard Payment Amount,CLM_SS_OUTLIER_STD_PYMT_AMT,CLM_SS_OUTLIER_STD_PYMT_AMT,NUM,12,NCH,XXX.XX,
clm_thru_dt,CLM_THRU_DT,Claim Through Date,THRU_DT,CLM_THRU_DT,DATE,8,NCH,,
clm_tot_chrg_amt,CLM_TOT_CHRG_AMT,Claim Total Charge Amount,TOT_CHRG,CLM_TOT_CHRG_AMT,NUM,12,NCH,XXX.XX,
clm_tot_pps_cptl_amt,CLM_TOT_PPS_CPTL_AMT,Claim Total PPS Capital Amount,PPS_CPTL,CLM_TOT_PPS_CPTL_AMT,NUM,12,NCH,XXX.XX,
clm_trtmt_authrztn_num,CLM_TRTMT_AUTHRZTN_NUM,Claim Treatment Authorization Number,CLM_TRTMT_AUTHRZTN_NUM,CLM_TRTMT_AUTHRZTN_NUM,CHAR,18,NCH,XXXXXXX,
clm_uncompd_care_pmt_amt,CLM_UNCOMPD_CARE_PMT_AMT,Claim Uncompensated Care Payment Amount,CLM_UNCOMPD_CARE_PMT_AMT,CLM_UNCOMPD_CARE_PMT_AMT,NUM,12,NCH,XXX.XX,
clm_utlztn_day_cnt,CLM_UTLZTN_DAY_CNT,Claim Medicare Utilization Day Count,UTIL_DAY,CLM_UTLZTN_DAY_CNT,NUM,3,NCH,,
clm_val_amt,CLM_VAL_AMT,Claim Value Amount,VAL_AMT,CLM_VAL_AMT,NUM,12,NCH,XXX.XX,
clm_val_cd,CLM_VAL_CD,Claim Value Code,VAL_CD,CLM_VAL_CD,CHAR,2,NCH,,
clm_vbp_adjstmt_pct,CLM_VBP_ADJSTMT_PCT,Claim VBP Adjustment Percent,CLM_VBP_ADJSTMT_PCT,CLM_VBP_ADJSTMT_PCT,NUM,15,NCH,X.XX,
clm_vbp_adjstmt_pmt_amt,CLM_VBP_ADJSTMT_PMT_AMT,Claim Value-Based Purchasing Adjustment Payment Amount,CLM_VBP_ADJSTMT_PMT_AMT,CLM_VBP_ADJSTMT_PMT_AMT,NUM,12,NCH,XXX.XX (may be a negative value),
clm_vbp_prtcpnt_ind_cd,CLM_VBP_PRTCPNT_IND_CD,Claim Value-Based Purchasing (VBP) Participant Indicator Code,CLM_VBP_PRTCPNT_IND_CD,CLM_VBP_PRTCPNT_IND_CD,CHAR,1,NCH,,
cmpnd_cd,CMPND_CD,Compound Code,CMPND_CD,CMPND_CD,NUM,2,PDE,,
cntrct01,CNTRCT01,Monthly Part D Contract Number - January,CNTRCT01,PTD_CNTRCT_ID_01,CHAR,5,CMS Enrollment Database (EDB),,
cntrct02,CNTRCT02,Monthly Part D Contract Number - February,CNTRCT02,PTD_CNTRCT_ID_02,CHAR,5,CMS Enrollment Database (EDB),,
cntrct03,CNTRCT03,Monthly Part D Contract Number - March,CNTRCT03,PTD_CNTRCT_ID_03,CHAR,5,CMS Enrollment Database (EDB),,
cntrct04,CNTRCT04,Monthly Part D Contract Number - April,CNTRCT04,PTD_CNTRCT_ID_04,CHAR,5,CMS Enrollment Database (EDB),,
cntrct05,CNTRCT05,Monthly Part D Contract Number - May,CNTRCT05,PTD_CNTRCT_ID_05,CHAR,5,CMS Enrollment Database (EDB),,
cntrct06,CNTRCT06,Monthly Part D Contract Number - June,CNTRCT06,PTD_CNTRCT_ID_06,CHAR,5,CMS Enrollment Database (EDB),,
cntrct07,CNTRCT07,Monthly Part D Contract Number - July,CNTRCT07,PTD_CNTRCT_ID_07,CHAR,5,CMS Enrollment Database (EDB),,
cntrct08,CNTRCT08,Monthly Part D Contract Number - August,CNTRCT08,PTD_CNTRCT_ID_08,CHAR,5,CMS Enrollment Database (EDB),,
cntrct09,CNTRCT09,Monthly Part D Contract Number - September,CNTRCT09,PTD_CNTRCT_ID_09,CHAR,5,CMS Enrollment Database (EDB),,
cntrct10,CNTRCT10,Monthly Part D Contract Number - October,CNTRCT10,PTD_CNTRCT_ID_10,CHAR,5,CMS Enrollment Database (EDB),,
cntrct11,CNTRCT11,Monthly Part D Contract Number - November,CNTRCT11,PTD_CNTRCT_ID_11,CHAR,5,CMS Enrollment Database (EDB),,
cntrct12,CNTRCT12,Monthly Part D Contract Number - December,CNTRCT12,PTD_CNTRCT_ID_12,CHAR,5,CMS Enrollment Database (EDB),,
cnty_cd,CNTY_CD,County code for beneficiary (SSA code),CNTY_CD,BENE_COUNTY_CD,CHAR,3,CMS Enrollment Database (EDB),,
covstart,COVSTART,Medicare Coverage Start Date,COVSTART,COVSTART,DATE,8,CMS Enrollment Database (EDB),,
cpo_org_npi_num,CPO_ORG_NPI_NUM,CPO Organization NPI Number,CPO_ORG_NPI_NUM,CPO_ORG_NPI_NUM,CHAR,10,NCH,,
cpo_prvdr_num,CPO_PRVDR_NUM,Care Plan Oversight (CPO) Provider Number,CPO_PRVDR_NUM,CPO_PRVDR_NUM,CHAR,10,NCH,,
crdcovsw,CRDCOVSW,Creditable Coverage Switch,CRDCOVSW,CRDTBL_CVRG_SW,CHAR,1,CMS Enrollment Database (EDB),,
crec,CREC,Current Reason for Entitlement Code,CREC,BENE_ENTLMT_RSN_CURR,CHAR,1,CMS Enrollment Database (EDB),,
crnt_bic,CRNT_BIC,Current Beneficiary Identification Code,CRNT_BIC,CRNT_BIC_CD,CHAR,2,CMS Enrollment Database (EDB),,
cstshr01,CSTSHR01,Monthly cost sharing group under Part D low-income subsidy - January,CSTSHR01,CST_SHR_GRP_CD_01,CHAR,2,CMS Enrollment Database (EDB),,
cstshr02,CSTSHR02,Monthly cost sharing group under Part D low-income subsidy - February,CSTSHR02,CST_SHR_GRP_CD_02,CHAR,2,CMS Enrollment Database (EDB),,
cstshr03,CSTSHR03,Monthly cost sharing group under Part D low-income subsidy - March,CSTSHR03,CST_SHR_GRP_CD_03,CHAR,2,CMS Enrollment Database (EDB),,
cstshr04,CSTSHR04,Monthly cost sharing group under Part D low-income subsidy - April,CSTSHR04,CST_SHR_GRP_CD_04,CHAR,2,CMS Enrollment Database (EDB),,
cstshr05,CSTSHR05,Monthly cost sharing group under Part D low-income subsidy - May,CSTSHR05,CST_SHR_GRP_CD_05,CHAR,2,CMS Enrollment Database (EDB),,
cstshr06,CSTSHR06,Monthly cost sharing group under Part D low-income subsidy - June,CSTSHR06,CST_SHR_GRP_CD_06,CHAR,2,CMS Enrollment Database (EDB),,
cstshr07,CSTSHR07,Monthly cost sharing group under Part D low-income subsidy - July,CSTSHR07,CST_SHR_GRP_CD_07,CHAR,2,CMS Enrollment Database (EDB),,
cstshr08,CSTSHR08,Monthly cost sharing group under Part D low-income subsidy - August,CSTSHR08,CST_SHR_GRP_CD_08,CHAR,2,CMS Enrollment Database (EDB),,
cstshr09,CSTSHR09,Monthly cost sharing group under Part D low-income subsidy - September,CSTSHR09,CST_SHR_GRP_CD_09,CHAR,2,CMS Enrollment Database (EDB),,
cstshr10,CSTSHR10,Monthly cost sharing group under Part D low-income subsidy - October,CSTSHR10,CST_SHR_GRP_CD_10,CHAR,2,CMS Enrollment Database (EDB),,
cstshr11,CSTSHR11,Monthly cost sharing group under Part D low-income subsidy - November,CSTSHR11,CST_SHR_GRP_CD_11,CHAR,2,CMS Enrollment Database (EDB),,
cstshr12,CSTSHR12,Monthly cost sharing group under Part D low-income subsidy - December,CSTSHR12,CST_SHR_GRP_CD_12,CHAR,2,CMS Enrollment Database (EDB),,
ctstrphc_cvrg_cd,CTSTRPHC_CVRG_CD,Catastrophic Coverage Code,CATCOVCD,CTSTRPHC_CVRG_CD,CHAR,1,PDE,,
cvrd_d_plan_pd_amt,CVRD_D_PLAN_PD_AMT,Amount paid by Part D plan for the PDE (drug is covered by Part D),CPP_AMT,CVRD_D_PLAN_PD_AMT,NUM,10,PDE,,
daw_prod_slctn_cd,DAW_PROD_SLCTN_CD,Dispense as Written (DAW) Product Selection Code,DAWPS_CD,DAW_PROD_SLCTN_CD,CHAR,1,PDE,,
days_suply_num,DAYS_SUPLY_NUM,Days Supply,DAYSSPLY,DAYS_SUPLY_NUM,NUM,3,PDE,Possible values are 0 – 999.,
death_dt,DEATH_DT,Date of Death,DEATH_DT,BENE_DEATH_DT,DATE,8,CMS Enrollment Database (EDB),,
demo_id_num,DEMO_ID_NUM,Demonstration number,DEMO_ID_NUM,DEMO_ID_NUM,CHAR,2,NCH,,
demo_id_sqnc_num,DEMO_ID_SQNC_NUM,Demonstration sequence number,DEMO_ID_SQNC_NUM,DEMO_ID_SQNC_NUM,NUM,3,CCW,,
demo_info_txt,DEMO_INFO_TXT,Demonstration information text,DEMO_INFO_TXT,DEMO_INFO_TXT,CHAR,15,NCH,,
dmerc_line_mtus_cd,DMERC_LINE_MTUS_CD,DMERC Line Miles/Time/ Units/Services (MTUS) Indicator Code,UNIT_IND,DMERC_LINE_MTUS_CD,CHAR,1,NCH,,
dmerc_line_mtus_cnt,DMERC_LINE_MTUS_CNT,DMERC Line Miles/Time/Units/Services (MTUS) Count,DME_UNIT,DMERC_LINE_MTUS_CNT,NUM,7,NCH,,
dmerc_line_prcng_state_cd,DMERC_LINE_PRCNG_STATE_CD,DMERC Line Pricing State Code (SSA),PRCNG_ST,DMERC_LINE_PRCNG_STATE_CD,CHAR,2,NCH,,
dmerc_line_scrn_svgs_amt,DMERC_LINE_SCRN_SVGS_AMT,DMERC Line Screen Savings Amount,SCRNSVGS,DMERC_LINE_SCRN_SVGS_AMT,NUM,12,NCH,XXX.XX,
dmerc_line_supplr_type_cd,DMERC_LINE_SUPPLR_TYPE_CD,DMERC Line Supplier Type Code,SUP_TYPE,DMERC_LINE_SUPPLR_TYPE_CD,CHAR,1,NCH,,
dob_dt,DOB_DT,Patient Date of Birth (DOB),DOB_DT,DOB_DT,DATE,8,PDE,Date formatted as CCYYMMDD,
drug_cvrg_stus_cd,DRUG_CVRG_STUS_CD,Drug Coverage Status Code,DRCVSTCD,DRUG_CVRG_STUS_CD,CHAR,1,PDE,,
dsh_op_clm_val_amt,DSH_OP_CLM_VAL_AMT,Operating Disproportionate Share (DSH) Amount,DSH_OP,DSH_OP_CLM_VAL_AMT,NUM,12,NCH,XXX.XX,
dspnsng_stus_cd,DSPNSNG_STUS_CD,Dispensing Status Code,DSPNSTCD,DSPNSNG_STUS_CD,CHAR,1,PDE,,
dual_01,DUAL_01,Monthly Medicare-Medicaid dual eligibility code - January,DUAL_01,DUAL_STUS_CD_01,CHAR,2,CMS Enrollment Database (EDB),,
dual_02,DUAL_02,Monthly Medicare-Medicaid dual eligibility code - February,DUAL_02,DUAL_STUS_CD_02,CHAR,2,CMS Enrollment Database (EDB),,
dual_03,DUAL_03,Monthly Medicare-Medicaid dual eligibility code - March,DUAL_03,DUAL_STUS_CD_03,CHAR,2,CMS Enrollment Database (EDB),,
dual_04,DUAL_04,Monthly Medicare-Medicaid dual eligibility code - April,DUAL_04,DUAL_STUS_CD_04,CHAR,2,CMS Enrollment Database (EDB),,
dual_05,DUAL_05,Monthly Medicare-Medicaid dual eligibility code - May,DUAL_05,DUAL_STUS_CD_05,CHAR,2,CMS Enrollment Database (EDB),,
dual_06,DUAL_06,Monthly Medicare-Medicaid dual eligibility code - June,DUAL_06,DUAL_STUS_CD_06,CHAR,2,CMS Enrollment Database (EDB),,
dual_07,DUAL_07,Monthly Medicare-Medicaid dual eligibility code - July,DUAL_07,DUAL_STUS_CD_07,CHAR,2,CMS Enrollment Database (EDB),,
dual_08,DUAL_08,Monthly Medicare-Medicaid dual eligibility code - August,DUAL_08,DUAL_STUS_CD_08,CHAR,2,CMS Enrollment Database (EDB),,
dual_09,DUAL_09,Monthly Medicare-Medicaid dual eligibility code - September,DUAL_09,DUAL_STUS_CD_09,CHAR,2,CMS Enrollment Database (EDB),,
dual_10,DUAL_10,Monthly Medicare-Medicaid dual eligibility code - October,DUAL_10,DUAL_STUS_CD_10,CHAR,2,CMS Enrollment Database (EDB),,
dual_11,DUAL_11,Monthly Medicare-Medicaid dual eligibility code - November,DUAL_11,DUAL_STUS_CD_11,CHAR,2,CMS Enrollment Database (EDB),,
dual_12,DUAL_12,Monthly Medicare-Medicaid dual eligibility code - December,DUAL_12,DUAL_STUS_CD_12,CHAR,2,CMS Enrollment Database (EDB),,
dual_mo,DUAL_MO,Months of Dual Eligibility,DUAL_MO,DUAL_ELGBL_MOS_NUM,CHAR,2,CMS Enrollment Database (EDB) (derived),The value in this field is between '00' through '12'.,
efivepct,EFIVEPCT,Enhanced Medicare 5% Sample Indicator,EFIVEPCT,ENHANCED_FIVE_PERCENT_FLAG,CHAR,1,CCW (derived),,
ehr_pgm_rdctn_ind_sw,EHR_PGM_RDCTN_IND_SW,Claim Electronic Health Records (EHR) Program Reduction Indicator Switch,EHR_PGM_RDCTN_IND_SW,EHR_PGM_RDCTN_IND_SW,CHAR,1,NCH,,
ehr_pymt_adjstmt_amt,EHR_PYMT_ADJSTMT_AMT,Claim Electronic Health Record (EHR) Payment Adjustment Amount,EHR_PYMT_ADJSTMT_AMT,EHR_PYMT_ADJSTMT_AMT,NUM,12,NCH,XXX.XX,
enrl_src,ENRL_SRC,Enrollment Source,ENRL_SRC,ENRL_SRC,CHAR,3,CCW,,
esrd_ind,ESRD_IND,End-stage Renal Disease (ESRD) Indicator,ESRD_IND,BENE_ESRD_IND,CHAR,1,CMS Enrollment Database (EDB),,
fi_clm_actn_cd,FI_CLM_ACTN_CD,FI or MAC Claim Action Code,ACTIONCD,FI_CLM_ACTN_CD,CHAR,1,NCH,,
fi_clm_proc_dt,FI_CLM_PROC_DT,FI Claim Process Date,FI_CLM_PROC_DT,FI_CLM_PROC_DT,DATE,8,NCH,,
fi_num,FI_NUM,FI or MAC Number,FI_NUM,FI_NUM,CHAR,5,NCH,Different FI/MAC carriers are under contract with CMS at different times.,
fill_num,FILL_NUM,Number of drug fills,FILL_NUM,FILL_NUM,NUM,3,PDE,Possible values are 0 - 99,
finl_std_amt,FINL_STD_AMT,Claim Final Standard Payment Amount,FINL_STD_AMT,FINL_STD_AMT,NUM,12,NCH,XX.XX,
fivepct,FIVEPCT,Medicare 5% Sample Indicator,FIVEPCT,FIVE_PERCENT_FLAG,CHAR,1,CCW (derived),,
formulary_id,FORMULARY_ID,Formulary identification number,FORMULARY_ID,FORMULARY_ID,CHAR,8,PDE and CMS HPMS (derived),8-digit numeric value,
frmlry_rx_id,FRMLRY_RX_ID,CCW Formulary drug identifier,FRMLRY_RX_ID,FRMLRY_RX_ID,CHAR,8,PDE and CMS HPMS (derived),8-digit number,
from_dt,FROM_DT,Claim From Date,FROM_DT,CLM_FROM_DT,DATE,8,NCH,,
fst_dgns_e_cd,FST_DGNS_E_CD,First Claim Diagnosis E Code,FST_DGNS_E_CD,FST_DGNS_E_CD,CHAR,7,NCH,,
fst_dgns_e_vrsn_cd,FST_DGNS_E_VRSN_CD,First Claim Diagnosis E Code Diagnosis Version Code (ICD-9 or ICD-10),FST_DGNS_E_VRSN_CD,FST_DGNS_E_VRSN_CD,CHAR,1,,,
gcdf,GCDF,Dosage Form Code,GCDF,GCDF,CHAR,2,First DataBank,"2-digit alpha/numeric code (e.g., CA [capsule], PS [adhesive patch, medicated])",
gcdf_desc,GCDF_DESC,Dosage Form Code Description,GCDF_DESC,GCDF_DESC,CHAR,40,First DataBank,"Narrative description (e.g., DROPS or TABLET)",
gdc_abv_oopt_amt,GDC_ABV_OOPT_AMT,Gross Drug Cost Above Part D Out-of-Pocket Threshold (GDCA),GDCAOOPT,GDC_ABV_OOPT_AMT,NUM,10,PDE,,
gdc_blw_oopt_amt,GDC_BLW_OOPT_AMT,Gross Drug Cost Below Part D Out-of-Pocket Threshold (GDCB),GDCBOOPT,GDC_BLW_OOPT_AMT,NUM,10,PDE,,
gndr_cd,GNDR_CD,Patient Gender,GNDR_CD,GNDR_CD,CHAR,1,PDE,,
gnn,GNN,Generic Name,GNN,GNN,CHAR,30,First DataBank,"text description of drug (e.g., RISEDRONATE SODIUM, MEMANTINE HCL)",
hac_pgm_rdctn_ind_sw,HAC_PGM_RDCTN_IND_SW,Claim Hospital Acquired Condition (HAC) Program Reduction Indicator Switch,HAC_PGM_RDCTN_IND_SW,HAC_PGM_RDCTN_IND_SW,CHAR,1,NCH,,
hcpcs_1st_mdfr_cd,HCPCS_1ST_MDFR_CD,HCPCS Initial Modifier Code,MDFR_CD1,HCPCS_1ST_MDFR_CD,CHAR,5,NCH,,
hcpcs_2nd_mdfr_cd,HCPCS_2ND_MDFR_CD,HCPCS Second Modifier Code,MDFR_CD2,HCPCS_2ND_MDFR_CD,CHAR,5,NCH,,
hcpcs_3rd_mdfr_cd,HCPCS_3RD_MDFR_CD,HCPCS Third Modifier Code,MDFR_CD3,HCPCS_3RD_MDFR_CD,CHAR,5,NCH,,
hcpcs_4th_mdfr_cd,HCPCS_4TH_MDFR_CD,HCPCS Fourth Modifier Code,MDFR_CD4,HCPCS_4TH_MDFR_CD,CHAR,5,NCH,,
hcpcs_cd,HCPCS_CD,Healthcare Common Procedure Coding System (HCPCS) Code,HCPCS_CD,HCPCS_CD,CHAR,5,NCH,,
hmo_mo,HMO_MO,HMO Coverage Count,HMO_MO,BENE_HMO_CVRAGE_TOT_MONS,NUM,3,CMS Enrollment Database (EDB),0-12,
hmoind01,HMOIND01,HMO Indicator - January,HMOIND01,BENE_HMO_IND_01,CHAR,1,CMS Enrollment Database (EDB),,
hmoind02,HMOIND02,HMO Indicator - February,HMOIND02,BENE_HMO_IND_02,CHAR,1,CMS Enrollment Database (EDB),,
hmoind03,HMOIND03,HMO Indicator - March,HMOIND03,BENE_HMO_IND_03,CHAR,1,CMS Enrollment Database (EDB),,
hmoind04,HMOIND04,HMO Indicator - April,HMOIND04,BENE_HMO_IND_04,CHAR,1,CMS Enrollment Database (EDB),,
hmoind05,HMOIND05,HMO Indicator - May,HMOIND05,BENE_HMO_IND_05,CHAR,1,CMS Enrollment Database (EDB),,
hmoind06,HMOIND06,HMO Indicator - June,HMOIND06,BENE_HMO_IND_06,CHAR,1,CMS Enrollment Database (EDB),,
hmoind07,HMOIND07,HMO Indicator - July,HMOIND07,BENE_HMO_IND_07,CHAR,1,CMS Enrollment Database (EDB),,
hmoind08,HMOIND08,HMO Indicator - August,HMOIND08,BENE_HMO_IND_08,CHAR,1,CMS Enrollment Database (EDB),,
hmoind09,HMOIND09,HMO Indicator - September,HMOIND09,BENE_HMO_IND_09,CHAR,1,CMS Enrollment Database (EDB),,
hmoind10,HMOIND10,HMO Indicator - October,HMOIND10,BENE_HMO_IND_10,CHAR,1,CMS Enrollment Database (EDB),,
hmoind11,HMOIND11,HMO Indicator - November,HMOIND11,BENE_HMO_IND_11,CHAR,1,CMS Enrollment Database (EDB),,
hmoind12,HMOIND12,HMO Indicator - December,HMOIND12,BENE_HMO_IND_12,CHAR,1,CMS Enrollment Database (EDB),,
hpsa_scrcty_ind_cd,HPSA_SCRCTY_IND_CD,Carrier Line Health Professional Shortage Area (HPSA)/Scarcity Indicator Code,HPSASCCD,HPSA_SCRCTY_IND_CD,CHAR,1,NCH,,
icd_dgns_cd1,ICD_DGNS_CD1,Claim Diagnosis Code I,ICD_DGNS_CD1,ICD_DGNS_CD1,CHAR,7,NCH,,
icd_dgns_cd10,ICD_DGNS_CD10,Claim Diagnosis Code X,ICD_DGNS_CD10,ICD_DGNS_CD10,CHAR,7,NCH,,
icd_dgns_cd11,ICD_DGNS_CD11,Claim Diagnosis Code XI,ICD_DGNS_CD11,ICD_DGNS_CD11,CHAR,7,NCH,,
icd_dgns_cd12,ICD_DGNS_CD12,Claim Diagnosis Code XII,ICD_DGNS_CD12,ICD_DGNS_CD12,CHAR,7,NCH,,
icd_dgns_cd13,ICD_DGNS_CD13,Claim Diagnosis Code XIII,ICD_DGNS_CD13,ICD_DGNS_CD13,CHAR,7,NCH,,
icd_dgns_cd14,ICD_DGNS_CD14,Claim Diagnosis Code XIV,ICD_DGNS_CD14,ICD_DGNS_CD14,CHAR,7,NCH,,
icd_dgns_cd15,ICD_DGNS_CD15,Claim Diagnosis Code XV,ICD_DGNS_CD15,ICD_DGNS_CD15,CHAR,7,NCH,,
icd_dgns_cd16,ICD_DGNS_CD16,Claim Diagnosis Code XVI,ICD_DGNS_CD16,ICD_DGNS_CD16,CHAR,7,NCH,,
icd_dgns_cd17,ICD_DGNS_CD17,Claim Diagnosis Code XVII,ICD_DGNS_CD17,ICD_DGNS_CD17,CHAR,7,NCH,,
icd_dgns_cd18,ICD_DGNS_CD18,Claim Diagnosis Code XVIII,ICD_DGNS_CD18,ICD_DGNS_CD18,CHAR,7,NCH,,
icd_dgns_cd19,ICD_DGNS_CD19,Claim Diagnosis Code XIX,ICD_DGNS_CD19,ICD_DGNS_CD19,CHAR,7,NCH,,
icd_dgns_cd2,ICD_DGNS_CD2,Claim Diagnosis Code II,ICD_DGNS_CD2,ICD_DGNS_CD2,CHAR,7,NCH,,
icd_dgns_cd20,ICD_DGNS_CD20,Claim Diagnosis Code XX,ICD_DGNS_CD20,ICD_DGNS_CD20,CHAR,7,NCH,,
icd_dgns_cd21,ICD_DGNS_CD21,Claim Diagnosis Code XXI,ICD_DGNS_CD21,ICD_DGNS_CD21,CHAR,7,NCH,,
icd_dgns_cd22,ICD_DGNS_CD22,Claim Diagnosis Code XXII,ICD_DGNS_CD22,ICD_DGNS_CD22,CHAR,7,NCH,,
icd_dgns_cd23,ICD_DGNS_CD23,Claim Diagnosis Code XXIII,ICD_DGNS_CD23,ICD_DGNS_CD23,CHAR,7,NCH,,
icd_dgns_cd24,ICD_DGNS_CD24,Claim Diagnosis Code XXIV,ICD_DGNS_CD24,ICD_DGNS_CD24,CHAR,7,NCH,,
icd_dgns_cd25,ICD_DGNS_CD25,Claim Diagnosis Code XXV,ICD_DGNS_CD25,ICD_DGNS_CD25,CHAR,7,NCH,,
icd_dgns_cd3,ICD_DGNS_CD3,Claim Diagnosis Code III,ICD_DGNS_CD3,ICD_DGNS_CD3,CHAR,7,NCH,,
icd_dgns_cd4,ICD_DGNS_CD4,Claim Diagnosis Code IV,ICD_DGNS_CD4,ICD_DGNS_CD4,CHAR,7,NCH,,
icd_dgns_cd5,ICD_DGNS_CD5,Claim Diagnosis Code V,ICD_DGNS_CD5,ICD_DGNS_CD5,CHAR,7,NCH,,
icd_dgns_cd6,ICD_DGNS_CD6,Claim Diagnosis Code VI,ICD_DGNS_CD6,ICD_DGNS_CD6,CHAR,7,NCH,,
icd_dgns_cd7,ICD_DGNS_CD7,Claim Diagnosis Code VII,ICD_DGNS_CD7,ICD_DGNS_CD7,CHAR,7,NCH,,
icd_dgns_cd8,ICD_DGNS_CD8,Claim Diagnosis Code VIII,ICD_DGNS_CD8,ICD_DGNS_CD8,CHAR,7,NCH,,
icd_dgns_cd9,ICD_DGNS_CD9,Claim Diagnosis Code IX,ICD_DGNS_CD9,ICD_DGNS_CD9,CHAR,7,NCH,,
icd_dgns_e_cd1,ICD_DGNS_E_CD1,Claim Diagnosis E Code I,ICD_DGNS_E_CD1,ICD_DGNS_E_CD1,CHAR,7,NCH,,
icd_dgns_e_cd10,ICD_DGNS_E_CD10,Claim Diagnosis E Code X,ICD_DGNS_E_CD10,ICD_DGNS_E_CD10,CHAR,7,NCH,,
icd_dgns_e_cd11,ICD_DGNS_E_CD11,Claim Diagnosis E Code XI,ICD_DGNS_E_CD11,ICD_DGNS_E_CD11,CHAR,7,NCH,,
icd_dgns_e_cd12,ICD_DGNS_E_CD12,Claim Diagnosis E Code XII,ICD_DGNS_E_CD12,ICD_DGNS_E_CD12,CHAR,7,NCH,,
icd_dgns_e_cd2,ICD_DGNS_E_CD2,Claim Diagnosis E Code II,ICD_DGNS_E_CD2,ICD_DGNS_E_CD2,CHAR,7,NCH,,
icd_dgns_e_cd3,ICD_DGNS_E_CD3,Claim Diagnosis E Code III,ICD_DGNS_E_CD3,ICD_DGNS_E_CD3,CHAR,7,NCH,,
icd_dgns_e_cd4,ICD_DGNS_E_CD4,Claim Diagnosis E Code IV,ICD_DGNS_E_CD4,ICD_DGNS_E_CD4,CHAR,7,NCH,,
icd_dgns_e_cd5,ICD_DGNS_E_CD5,Claim Diagnosis E Code V,ICD_DGNS_E_CD5,ICD_DGNS_E_CD5,CHAR,7,NCH,,
icd_dgns_e_cd6,ICD_DGNS_E_CD6,Claim Diagnosis E Code VI,ICD_DGNS_E_CD6,ICD_DGNS_E_CD6,CHAR,7,NCH,,
icd_dgns_e_cd7,ICD_DGNS_E_CD7,Claim Diagnosis E Code VII,ICD_DGNS_E_CD7,ICD_DGNS_E_CD7,CHAR,7,NCH,,
icd_dgns_e_cd8,ICD_DGNS_E_CD8,Claim Diagnosis E Code VIII,ICD_DGNS_E_CD8,ICD_DGNS_E_CD8,CHAR,7,NCH,,
icd_dgns_e_cd9,ICD_DGNS_E_CD9,Claim Diagnosis E Code IX,ICD_DGNS_E_CD9,ICD_DGNS_E_CD9,CHAR,7,NCH,,
icd_dgns_e_vrsn_cd1,ICD_DGNS_E_VRSN_CD1,Claim Diagnosis E Code I Diagnosis Version Code (ICD-9 or ICD-10),ICD_DGNS_E_VRSN_CD1,ICD_DGNS_E_VRSN_CD1,CHAR,1,NCH,,
icd_dgns_e_vrsn_cd10,ICD_DGNS_E_VRSN_CD10,Claim Diagnosis E Code X Diagnosis Version Code (ICD-9 or ICD-10),ICD_DGNS_E_VRSN_CD10,ICD_DGNS_E_VRSN_CD10,CHAR,1,NCH,,
icd_dgns_e_vrsn_cd11,ICD_DGNS_E_VRSN_CD11,Claim Diagnosis E Code XI Diagnosis Version Code (ICD-9 or ICD-10),ICD_DGNS_E_VRSN_CD11,ICD_DGNS_E_VRSN_CD11,CHAR,1,NCH,,
icd_dgns_e_vrsn_cd12,ICD_DGNS_E_VRSN_CD12,Claim Diagnosis E Code XII Diagnosis Version Code (ICD-9 or ICD-10),ICD_DGNS_E_VRSN_CD12,ICD_DGNS_E_VRSN_CD12,CHAR,1,NCH,,
icd_dgns_e_vrsn_cd2,ICD_DGNS_E_VRSN_CD2,Claim Diagnosis E Code II Diagnosis Version Code (ICD-9 or ICD-10),ICD_DGNS_E_VRSN_CD2,ICD_DGNS_E_VRSN_CD2,CHAR,1,NCH,,
icd_dgns_e_vrsn_cd3,ICD_DGNS_E_VRSN_CD3,Claim Diagnosis E Code III Diagnosis Version Code (ICD-9 or ICD-10),ICD_DGNS_E_VRSN_CD3,ICD_DGNS_E_VRSN_CD3,CHAR,1,NCH,,
icd_dgns_e_vrsn_cd4,ICD_DGNS_E_VRSN_CD4,Claim Diagnosis E Code IV Diagnosis Version Code (ICD-9 or ICD-10),ICD_DGNS_E_VRSN_CD4,ICD_DGNS_E_VRSN_CD4,CHAR,1,NCH,,
icd_dgns_e_vrsn_cd5,ICD_DGNS_E_VRSN_CD5,Claim Diagnosis E Code V Diagnosis Version Code (ICD-9 or ICD-10),ICD_DGNS_E_VRSN_CD5,ICD_DGNS_E_VRSN_CD5,CHAR,1,NCH,,
icd_dgns_e_vrsn_cd6,ICD_DGNS_E_VRSN_CD6,Claim Diagnosis E Code VI Diagnosis Version Code (ICD-9 or ICD-10),ICD_DGNS_E_VRSN_CD6,ICD_DGNS_E_VRSN_CD6,CHAR,1,NCH,,
icd_dgns_e_vrsn_cd7,ICD_DGNS_E_VRSN_CD7,Claim Diagnosis E Code VII Diagnosis Version Code (ICD-9 or ICD-10),ICD_DGNS_E_VRSN_CD7,ICD_DGNS_E_VRSN_CD7,CHAR,1,NCH,,
icd_dgns_e_vrsn_cd8,ICD_DGNS_E_VRSN_CD8,Claim Diagnosis E Code VIII Diagnosis Version Code (ICD-9 or ICD-10),ICD_DGNS_E_VRSN_CD8,ICD_DGNS_E_VRSN_CD8,CHAR,1,NCH,,
icd_dgns_e_vrsn_cd9,ICD_DGNS_E_VRSN_CD9,Claim Diagnosis E Code IX Diagnosis Version Code (ICD-9 or ICD-10),ICD_DGNS_E_VRSN_CD9,ICD_DGNS_E_VRSN_CD9,CHAR,1,NCH,,
icd_dgns_vrsn_cd1,ICD_DGNS_VRSN_CD1,Claim Diagnosis Code I Diagnosis Version Code (ICD-9 or ICD-10),ICD_DGNS_VRSN_CD1,ICD_DGNS_VRSN_CD1,CHAR,1,NCH,,
icd_dgns_vrsn_cd10,ICD_DGNS_VRSN_CD10,Claim Diagnosis Code X Diagnosis Version Code (ICD-9 or ICD-10),ICD_DGNS_VRSN_CD10,ICD_DGNS_VRSN_CD10,CHAR,1,NCH,,
icd_dgns_vrsn_cd11,ICD_DGNS_VRSN_CD11,Claim Diagnosis Code XI Diagnosis Version Code (ICD-9 or ICD-10),ICD_DGNS_VRSN_CD11,ICD_DGNS_VRSN_CD11,CHAR,1,NCH,,
icd_dgns_vrsn_cd12,ICD_DGNS_VRSN_CD12,Claim Diagnosis Code XII Diagnosis Version Code (ICD-9 or ICD-10),ICD_DGNS_VRSN_CD12,ICD_DGNS_VRSN_CD12,CHAR,1,NCH,,
icd_dgns_vrsn_cd13,ICD_DGNS_VRSN_CD13,Claim Diagnosis Code XIII Diagnosis Version Code (ICD-9 or ICD-10),ICD_DGNS_VRSN_CD13,ICD_DGNS_VRSN_CD13,CHAR,1,NCH,,
icd_dgns_vrsn_cd14,ICD_DGNS_VRSN_CD14,Claim Diagnosis Code XIV Diagnosis Version Code (ICD-9 or ICD-10),ICD_DGNS_VRSN_CD14,ICD_DGNS_VRSN_CD14,CHAR,1,NCH,,
icd_dgns_vrsn_cd15,ICD_DGNS_VRSN_CD15,Claim Diagnosis Code XV Diagnosis Version Code (ICD-9 or ICD-10),ICD_DGNS_VRSN_CD15,ICD_DGNS_VRSN_CD15,CHAR,1,NCH,,
icd_dgns_vrsn_cd16,ICD_DGNS_VRSN_CD16,Claim Diagnosis Code XVI Diagnosis Version Code (ICD-9 or ICD-10),ICD_DGNS_VRSN_CD16,ICD_DGNS_VRSN_CD16,CHAR,1,NCH,,
icd_dgns_vrsn_cd17,ICD_DGNS_VRSN_CD17,Claim Diagnosis Code XVII Diagnosis Version Code (ICD-9 or ICD-10),ICD_DGNS_VRSN_CD17,ICD_DGNS_VRSN_CD17,CHAR,1,NCH,,
icd_dgns_vrsn_cd18,ICD_DGNS_VRSN_CD18,Claim Diagnosis Code XVIII Diagnosis Version Code (ICD-9 or ICD-10),ICD_DGNS_VRSN_CD18,ICD_DGNS_VRSN_CD18,CHAR,1,NCH,,
icd_dgns_vrsn_cd19,ICD_DGNS_VRSN_CD19,Claim Diagnosis Code XIX Diagnosis Version Code (ICD-9 or ICD-10),ICD_DGNS_VRSN_CD19,ICD_DGNS_VRSN_CD19,CHAR,1,NCH,,
icd_dgns_vrsn_cd2,ICD_DGNS_VRSN_CD2,Claim Diagnosis Code II Diagnosis Version Code (ICD-9 or ICD-10),ICD_DGNS_VRSN_CD2,ICD_DGNS_VRSN_CD2,CHAR,1,NCH,,
icd_dgns_vrsn_cd20,ICD_DGNS_VRSN_CD20,Claim Diagnosis Code XX Diagnosis Version Code (ICD-9 or ICD-10),ICD_DGNS_VRSN_CD20,ICD_DGNS_VRSN_CD20,CHAR,1,NCH,,
icd_dgns_vrsn_cd21,ICD_DGNS_VRSN_CD21,Claim Diagnosis Code XXI Diagnosis Version Code (ICD-9 or ICD-10),ICD_DGNS_VRSN_CD21,ICD_DGNS_VRSN_CD21,CHAR,1,NCH,,
icd_dgns_vrsn_cd22,ICD_DGNS_VRSN_CD22,Claim Diagnosis Code XXII Diagnosis Version Code (ICD-9 or ICD-10),ICD_DGNS_VRSN_CD22,ICD_DGNS_VRSN_CD22,CHAR,1,NCH,,
icd_dgns_vrsn_cd23,ICD_DGNS_VRSN_CD23,Claim Diagnosis Code XXIII Diagnosis Version Code (ICD-9 or ICD-10),ICD_DGNS_VRSN_CD23,ICD_DGNS_VRSN_CD23,CHAR,1,NCH,,
icd_dgns_vrsn_cd24,ICD_DGNS_VRSN_CD24,Claim Diagnosis Code XXIV Diagnosis Version Code (ICD-9 or ICD-10),ICD_DGNS_VRSN_CD24,ICD_DGNS_VRSN_CD24,CHAR,1,NCH,,
icd_dgns_vrsn_cd25,ICD_DGNS_VRSN_CD25,Claim Diagnosis Code XXV Diagnosis Version Code (ICD-9 or ICD-10),ICD_DGNS_VRSN_CD25,ICD_DGNS_VRSN_CD25,CHAR,1,NCH,,
icd_dgns_vrsn_cd3,ICD_DGNS_VRSN_CD3,Claim Diagnosis Code III Diagnosis Version Code (ICD-9 or ICD-10),ICD_DGNS_VRSN_CD3,ICD_DGNS_VRSN_CD3,CHAR,1,NCH,,
icd_dgns_vrsn_cd4,ICD_DGNS_VRSN_CD4,Claim Diagnosis Code IV Diagnosis Version Code (ICD-9 or ICD-10),ICD_DGNS_VRSN_CD4,ICD_DGNS_VRSN_CD4,CHAR,1,NCH,,
icd_dgns_vrsn_cd5,ICD_DGNS_VRSN_CD5,Claim Diagnosis Code V Diagnosis Version Code (ICD-9 or ICD-10),ICD_DGNS_VRSN_CD5,ICD_DGNS_VRSN_CD5,CHAR,1,NCH,,
icd_dgns_vrsn_cd6,ICD_DGNS_VRSN_CD6,Claim Diagnosis Code VI Diagnosis Version Code (ICD-9 or ICD-10),ICD_DGNS_VRSN_CD6,ICD_DGNS_VRSN_CD6,CHAR,1,NCH,,
icd_dgns_vrsn_cd7,ICD_DGNS_VRSN_CD7,Claim Diagnosis Code VII Diagnosis Version Code (ICD-9 or ICD-10),ICD_DGNS_VRSN_CD7,ICD_DGNS_VRSN_CD7,CHAR,1,NCH,,
icd_dgns_vrsn_cd8,ICD_DGNS_VRSN_CD8,Claim Diagnosis Code VIII Diagnosis Version Code (ICD-9 or ICD-10),ICD_DGNS_VRSN_CD8,ICD_DGNS_VRSN_CD8,CHAR,1,NCH,,
icd_dgns_vrsn_cd9,ICD_DGNS_VRSN_CD9,Claim Diagnosis Code IX Diagnosis Version Code (ICD-9 or ICD-10),ICD_DGNS_VRSN_CD9,ICD_DGNS_VRSN_CD9,CHAR,1,NCH,,
icd_prcdr_cd1,ICD_PRCDR_CD1,Claim Procedure Code I,ICD_PRCDR_CD1,ICD_PRCDR_CD1,CHAR,7,NCH,,
icd_prcdr_cd10,ICD_PRCDR_CD10,Claim Procedure Code X,ICD_PRCDR_CD10,ICD_PRCDR_CD10,CHAR,7,NCH,,
icd_prcdr_cd11,ICD_PRCDR_CD11,Claim Procedure Code XI,ICD_PRCDR_CD11,ICD_PRCDR_CD11,CHAR,7,NCH,,
icd_prcdr_cd12,ICD_PRCDR_CD12,Claim Procedure Code XII,ICD_PRCDR_CD12,ICD_PRCDR_CD12,CHAR,7,NCH,,
icd_prcdr_cd13,ICD_PRCDR_CD13,Claim Procedure Code XIII,ICD_PRCDR_CD13,ICD_PRCDR_CD13,CHAR,7,NCH,,
icd_prcdr_cd14,ICD_PRCDR_CD14,Claim Procedure Code XIV,ICD_PRCDR_CD14,ICD_PRCDR_CD14,CHAR,7,NCH,,
icd_prcdr_cd15,ICD_PRCDR_CD15,Claim Procedure Code XV,ICD_PRCDR_CD15,ICD_PRCDR_CD15,CHAR,7,NCH,,
icd_prcdr_cd16,ICD_PRCDR_CD16,Claim Procedure Code XVI,ICD_PRCDR_CD16,ICD_PRCDR_CD16,CHAR,7,NCH,,
icd_prcdr_cd17,ICD_PRCDR_CD17,Claim Procedure Code XVII,ICD_PRCDR_CD17,ICD_PRCDR_CD17,CHAR,7,NCH,,
icd_prcdr_cd18,ICD_PRCDR_CD18,Claim Procedure Code XVIII,ICD_PRCDR_CD18,ICD_PRCDR_CD18,CHAR,7,NCH,,
icd_prcdr_cd19,ICD_PRCDR_CD19,Claim Procedure Code XIX,ICD_PRCDR_CD19,ICD_PRCDR_CD19,CHAR,7,NCH,,
icd_prcdr_cd2,ICD_PRCDR_CD2,Claim Procedure Code II,ICD_PRCDR_CD2,ICD_PRCDR_CD2,CHAR,7,NCH,,
icd_prcdr_cd20,ICD_PRCDR_CD20,Claim Procedure Code XX,ICD_PRCDR_CD20,ICD_PRCDR_CD20,CHAR,7,NCH,,
icd_prcdr_cd21,ICD_PRCDR_CD21,Claim Procedure Code XXI,ICD_PRCDR_CD21,ICD_PRCDR_CD21,CHAR,7,NCH,,
icd_prcdr_cd22,ICD_PRCDR_CD22,Claim Procedure Code XXII,ICD_PRCDR_CD22,ICD_PRCDR_CD22,CHAR,7,NCH,,
icd_prcdr_cd23,ICD_PRCDR_CD23,Claim Procedure Code XXIII,ICD_PRCDR_CD23,ICD_PRCDR_CD23,CHAR,7,NCH,,
icd_prcdr_cd24,ICD_PRCDR_CD24,Claim Procedure Code XXIV,ICD_PRCDR_CD24,ICD_PRCDR_CD24,CHAR,7,NCH,,
icd_prcdr_cd25,ICD_PRCDR_CD25,Claim Procedure Code XXV,ICD_PRCDR_CD25,ICD_PRCDR_CD25,CHAR,7,NCH,,
icd_prcdr_cd3,ICD_PRCDR_CD3,Claim Procedure Code III,ICD_PRCDR_CD3,ICD_PRCDR_CD3,CHAR,7,NCH,,
icd_prcdr_cd4,ICD_PRCDR_CD4,Claim Procedure Code IV,ICD_PRCDR_CD4,ICD_PRCDR_CD4,CHAR,7,NCH,,
icd_prcdr_cd5,ICD_PRCDR_CD5,Claim Procedure Code V,ICD_PRCDR_CD5,ICD_PRCDR_CD5,CHAR,7,NCH,,
icd_prcdr_cd6,ICD_PRCDR_CD6,Claim Procedure Code VI,ICD_PRCDR_CD6,ICD_PRCDR_CD6,CHAR,7,NCH,,
icd_prcdr_cd7,ICD_PRCDR_CD7,Claim Procedure Code VII,ICD_PRCDR_CD7,ICD_PRCDR_CD7,CHAR,7,NCH,,
icd_prcdr_cd8,ICD_PRCDR_CD8,Claim Procedure Code VIII,ICD_PRCDR_CD8,ICD_PRCDR_CD8,CHAR,7,NCH,,
icd_prcdr_cd9,ICD_PRCDR_CD9,Claim Procedure Code IX,ICD_PRCDR_CD9,ICD_PRCDR_CD9,CHAR,7,NCH,,
icd_prcdr_vrsn_cd1,ICD_PRCDR_VRSN_CD1,Claim Procedure Code I Claim Procedure Version Code (ICD-9 or ICD-10),ICD_PRCDR_VRSN_CD1,ICD_PRCDR_VRSN_CD1,CHAR,1,NCH,,
icd_prcdr_vrsn_cd10,ICD_PRCDR_VRSN_CD10,Claim Procedure Code X Claim Procedure Version Code (ICD-9 or ICD-10),ICD_PRCDR_VRSN_CD10,ICD_PRCDR_VRSN_CD10,CHAR,1,NCH,,
icd_prcdr_vrsn_cd11,ICD_PRCDR_VRSN_CD11,Claim Procedure Code XI Claim Procedure Version Code (ICD-9 or ICD-10),ICD_PRCDR_VRSN_CD11,ICD_PRCDR_VRSN_CD11,CHAR,1,NCH,,
icd_prcdr_vrsn_cd12,ICD_PRCDR_VRSN_CD12,Claim Procedure Code XII Claim Procedure Version Code (ICD-9 or ICD-10),ICD_PRCDR_VRSN_CD12,ICD_PRCDR_VRSN_CD12,CHAR,1,NCH,,
icd_prcdr_vrsn_cd13,ICD_PRCDR_VRSN_CD13,Claim Procedure Code XIII Claim Procedure Version Code (ICD-9 or ICD-10),ICD_PRCDR_VRSN_CD13,ICD_PRCDR_VRSN_CD13,CHAR,1,NCH,,
icd_prcdr_vrsn_cd14,ICD_PRCDR_VRSN_CD14,Claim Procedure Code XIV Claim Procedure Version Code (ICD-9 or ICD-10),ICD_PRCDR_VRSN_CD14,ICD_PRCDR_VRSN_CD14,CHAR,1,NCH,,
icd_prcdr_vrsn_cd15,ICD_PRCDR_VRSN_CD15,Claim Procedure Code XV Claim Procedure Version Code (ICD-9 or ICD-10),ICD_PRCDR_VRSN_CD15,ICD_PRCDR_VRSN_CD15,CHAR,1,NCH,,
icd_prcdr_vrsn_cd16,ICD_PRCDR_VRSN_CD16,Claim Procedure Code XVI Claim Procedure Version Code (ICD-9 or ICD-10),ICD_PRCDR_VRSN_CD16,ICD_PRCDR_VRSN_CD16,CHAR,1,NCH,,
icd_prcdr_vrsn_cd17,ICD_PRCDR_VRSN_CD17,Claim Procedure Code XVII Claim Procedure Version Code (ICD-9 or ICD-10),ICD_PRCDR_VRSN_CD17,ICD_PRCDR_VRSN_CD17,CHAR,1,NCH,,
icd_prcdr_vrsn_cd18,ICD_PRCDR_VRSN_CD18,Claim Procedure Code XVIII Claim Procedure Version Code (ICD-9 or ICD-10),ICD_PRCDR_VRSN_CD18,ICD_PRCDR_VRSN_CD18,CHAR,1,NCH,,
icd_prcdr_vrsn_cd19,ICD_PRCDR_VRSN_CD19,Claim Procedure Code XIX Claim Procedure Version Code (ICD-9 or ICD-10),ICD_PRCDR_VRSN_CD19,ICD_PRCDR_VRSN_CD19,CHAR,1,NCH,,
icd_prcdr_vrsn_cd2,ICD_PRCDR_VRSN_CD2,Claim Procedure Code II Claim Procedure Version Code (ICD-9 or ICD-10),ICD_PRCDR_VRSN_CD2,ICD_PRCDR_VRSN_CD2,CHAR,1,NCH,,
icd_prcdr_vrsn_cd20,ICD_PRCDR_VRSN_CD20,Claim Procedure Code XX Claim Procedure Version Code (ICD-9 or ICD-10),ICD_PRCDR_VRSN_CD20,ICD_PRCDR_VRSN_CD20,CHAR,1,NCH,,
icd_prcdr_vrsn_cd21,ICD_PRCDR_VRSN_CD21,Claim Procedure Code XXI Claim Procedure Version Code (ICD-9 or ICD-10),ICD_PRCDR_VRSN_CD21,ICD_PRCDR_VRSN_CD21,CHAR,1,NCH,,
icd_prcdr_vrsn_cd22,ICD_PRCDR_VRSN_CD22,Claim Procedure Code XXII Claim Procedure Version Code (ICD-9 or ICD-10),ICD_PRCDR_VRSN_CD22,ICD_PRCDR_VRSN_CD22,CHAR,1,NCH,,
icd_prcdr_vrsn_cd23,ICD_PRCDR_VRSN_CD23,Claim Procedure Code XXIII Claim Procedure Version Code (ICD-9 or ICD-10),ICD_PRCDR_VRSN_CD23,ICD_PRCDR_VRSN_CD23,CHAR,1,NCH,,
icd_prcdr_vrsn_cd24,ICD_PRCDR_VRSN_CD24,Claim Procedure Code XXIV Claim Procedure Version Code (ICD-9 or ICD-10),ICD_PRCDR_VRSN_CD24,ICD_PRCDR_VRSN_CD24,CHAR,1,NCH,,
icd_prcdr_vrsn_cd25,ICD_PRCDR_VRSN_CD25,Claim Procedure Code XXV Claim Procedure Version Code (ICD-9 or ICD-10),ICD_PRCDR_VRSN_CD25,ICD_PRCDR_VRSN_CD25,CHAR,1,NCH,,
icd_prcdr_vrsn_cd3,ICD_PRCDR_VRSN_CD3,Claim Procedure Code III Claim Procedure Version Code (ICD-9 or ICD-10),ICD_PRCDR_VRSN_CD3,ICD_PRCDR_VRSN_CD3,CHAR,1,NCH,,
icd_prcdr_vrsn_cd4,ICD_PRCDR_VRSN_CD4,Claim Procedure Code IV Claim Procedure Version Code (ICD-9 or ICD-10),ICD_PRCDR_VRSN_CD4,ICD_PRCDR_VRSN_CD4,CHAR,1,NCH,,
icd_prcdr_vrsn_cd5,ICD_PRCDR_VRSN_CD5,Claim Procedure Code V Claim Procedure Version Code (ICD-9 or ICD-10),ICD_PRCDR_VRSN_CD5,ICD_PRCDR_VRSN_CD5,CHAR,1,NCH,,
icd_prcdr_vrsn_cd6,ICD_PRCDR_VRSN_CD6,Claim Procedure Code VI Claim Procedure Version Code (ICD-9 or ICD-10),ICD_PRCDR_VRSN_CD6,ICD_PRCDR_VRSN_CD6,CHAR,1,NCH,,
icd_prcdr_vrsn_cd7,ICD_PRCDR_VRSN_CD7,Claim Procedure Code VII Claim Procedure Version Code (ICD-9 or ICD-10),ICD_PRCDR_VRSN_CD7,ICD_PRCDR_VRSN_CD7,CHAR,1,NCH,,
icd_prcdr_vrsn_cd8,ICD_PRCDR_VRSN_CD8,Claim Procedure Code VIII Claim Procedure Version Code (ICD-9 or ICD-10),ICD_PRCDR_VRSN_CD8,ICD_PRCDR_VRSN_CD8,CHAR,1,NCH,,
icd_prcdr_vrsn_cd9,ICD_PRCDR_VRSN_CD9,Claim Procedure Code IX Claim Procedure Version Code (ICD-9 or ICD-10),ICD_PRCDR_VRSN_CD9,ICD_PRCDR_VRSN_CD9,CHAR,1,NCH,,
ime_op_clm_val_amt,IME_OP_CLM_VAL_AMT,Operating Indirect Medical Education (IME) Amount,IME_OP,IME_OP_CLM_VAL_AMT,NUM,12,NCH,,
lics_amt,LICS_AMT,Amount paid for the PDE by Part D low income subsidy,LICS_AMT,LICS_AMT,NUM,10,PDE,,
line_1st_expns_dt,LINE_1ST_EXPNS_DT,Line First Expense Date,EXPNSDT1,LINE_1ST_EXPNS_DT,DATE,8,NCH,,
line_alowd_chrg_amt,LINE_ALOWD_CHRG_AMT,Line Allowed Charge Amount,LALOWCHG,LINE_ALOWD_CHRG_AMT,NUM,12,NCH,,
line_bene_pmt_amt,LINE_BENE_PMT_AMT,Line Payment Amount to Beneficiary,LBENPMT,LINE_BENE_PMT_AMT,NUM,12,NCH,,
line_bene_prmry_pyr_cd,LINE_BENE_PRMRY_PYR_CD,Line Primary Payer Code (if not Medicare),LPRPAYCD,LINE_BENE_PRMRY_PYR_CD,CHAR,1,"NCH,VA,DOL,SSA",,
line_bene_prmry_pyr_pd_amt,LINE_BENE_PRMRY_PYR_PD_AMT,Line Primary Payer (if not Medicare) Paid Amount,LPRPDAMT,LINE_BENE_PRMRY_PYR_PD_AMT,NUM,12,NCH,XXX.XX,
line_bene_ptb_ddctbl_amt,LINE_BENE_PTB_DDCTBL_AMT,Line Beneficiary Part B Deductible Amount,LDEDAMT,LINE_BENE_PTB_DDCTBL_AMT,NUM,12,NCH,,
line_cms_type_srvc_cd,LINE_CMS_TYPE_SRVC_CD,Line CMS Type Service Code,TYPSRVCB,LINE_CMS_TYPE_SRVC_CD,CHAR,1,NCH,,
line_coinsrnc_amt,LINE_COINSRNC_AMT,Line Beneficiary Coinsurance Amount,COINAMT,LINE_COINSRNC_AMT,NUM,12,NCH,XXX.XX,
line_dme_prchs_price_amt,LINE_DME_PRCHS_PRICE_AMT,Line DME Purchase Price Amount,DME_PURC,LINE_DME_PRCHS_PRICE_AMT,NUM,12,NCH,XXX.XX,
line_hct_hgb_rslt_num,LINE_HCT_HGB_RSLT_NUM,Hematocrit / Hemoglobin Test Results,HCTHGBRS,LINE_HCT_HGB_RSLT_NUM,NUM,4,NCH,,
line_hct_hgb_type_cd,LINE_HCT_HGB_TYPE_CD,Hematocrit / Hemoglobin Test Type Code,HCTHGBTP,LINE_HCT_HGB_TYPE_CD,CHAR,2,NCH,,
line_icd_dgns_cd,LINE_ICD_DGNS_CD,Line Diagnosis Code,LINE_ICD_DGNS_CD,LINE_ICD_DGNS_CD,CHAR,7,NCH,,
line_icd_dgns_vrsn_cd,LINE_ICD_DGNS_VRSN_CD,Line Diagnosis Code Diagnosis Version Code (ICD-9 or ICD-10),LINE_ICD_DGNS_VRSN_CD,LINE_ICD_DGNS_VRSN_CD,CHAR,1,NCH,,
line_last_expns_dt,LINE_LAST_EXPNS_DT,Line Last Expense Date,EXPNSDT2,LINE_LAST_EXPNS_DT,DATE,8,NCH,,
line_nch_pmt_amt,LINE_NCH_PMT_AMT,Line NCH Medicare Payment Amount,LINEPMT,LINE_NCH_PMT_AMT,NUM,12,NCH,,
line_ndc_cd,LINE_NDC_CD,Line National Drug Code (NDC),LNNDCCD,LINE_NDC_CD,CHAR,11,NCH,,
line_num,LINE_NUM,Claim Line Number,LINE_NUM,LINE_NUM,NUM,13,CCW,,
line_othr_apld_amt1,LINE_OTHR_APLD_AMT1,Line Other Applied Amount for 1 Code,LINE_OTHR_APLD_AMT1,LINE_OTHR_APLD_AMT1,NUM,12,NCH,XXX.XX,
line_othr_apld_amt2,LINE_OTHR_APLD_AMT2,Line Other Applied Amount for 2 Code,LINE_OTHR_APLD_AMT2,LINE_OTHR_APLD_AMT2,NUM,12,NCH,XXX.XX,
line_othr_apld_amt3,LINE_OTHR_APLD_AMT3,Line Other Applied Amount for 3 Code,LINE_OTHR_APLD_AMT3,LINE_OTHR_APLD_AMT3,NUM,12,NCH,XXX.XX,
line_othr_apld_amt4,LINE_OTHR_APLD_AMT4,Line Other Applied Amount for 4 Code,LINE_OTHR_APLD_AMT4,LINE_OTHR_APLD_AMT4,NUM,12,NCH,XXX.XX,
line_othr_apld_amt5,LINE_OTHR_APLD_AMT5,Line Other Applied Amount for 5 Code,LINE_OTHR_APLD_AMT5,LINE_OTHR_APLD_AMT5,NUM,12,NCH,XXX.XX,
line_othr_apld_amt6,LINE_OTHR_APLD_AMT6,Line Other Applied Amount for 6 Code,LINE_OTHR_APLD_AMT6,LINE_OTHR_APLD_AMT6,NUM,12,NCH,XXX.XX,
line_othr_apld_amt7,LINE_OTHR_APLD_AMT7,Line Other Applied Amount for 7 Code,LINE_OTHR_APLD_AMT7,LINE_OTHR_APLD_AMT7,NUM,12,NCH,XXX.XX,
line_othr_apld_ind_cd1,LINE_OTHR_APLD_IND_CD1,Line Other Applied Indicator 1 Code,LINE_OTHR_APLD_IND_CD1,LINE_OTHR_APLD_IND_CD1,CHAR,1,NCH,,
line_othr_apld_ind_cd2,LINE_OTHR_APLD_IND_CD2,Line Other Applied Indicator 2 Code,LINE_OTHR_APLD_IND_CD2,LINE_OTHR_APLD_IND_CD2,CHAR,1,NCH,,
line_othr_apld_ind_cd3,LINE_OTHR_APLD_IND_CD3,Line Other Applied Indicator 3 Code,LINE_OTHR_APLD_IND_CD3,LINE_OTHR_APLD_IND_CD3,CHAR,1,NCH,,
line_othr_apld_ind_cd4,LINE_OTHR_APLD_IND_CD4,Line Other Applied Indicator 4 Code,LINE_OTHR_APLD_IND_CD4,LINE_OTHR_APLD_IND_CD4,CHAR,1,NCH,,
line_othr_apld_ind_cd5,LINE_OTHR_APLD_IND_CD5,Line Other Applied Indicator 5 Code,LINE_OTHR_APLD_IND_CD5,LINE_OTHR_APLD_IND_CD5,CHAR,1,NCH,,
line_othr_apld_ind_cd6,LINE_OTHR_APLD_IND_CD6,Line Other Applied Indicator 6 Code,LINE_OTHR_APLD_IND_CD6,LINE_OTHR_APLD_IND_CD6,CHAR,1,NCH,,
line_othr_apld_ind_cd7,LINE_OTHR_APLD_IND_CD7,Line Other Applied Indicator 7 Code,LINE_OTHR_APLD_IND_CD7,LINE_OTHR_APLD_IND_CD7,CHAR,1,NCH,,
line_place_of_srvc_cd,LINE_PLACE_OF_SRVC_CD,Line Place of Service Code,PLCSRVC,LINE_PLACE_OF_SRVC_CD,CHAR,2,NCH,,
line_pmt_80_100_cd,LINE_PMT_80_100_CD,Line Payment 80% / 100% Code,PMTINDSW,LINE_PMT_80_100_CD,CHAR,1,NCH,,
line_prcsg_ind_cd,LINE_PRCSG_IND_CD,Line Processing Indicator Code,PRCNGIND,LINE_PRCSG_IND_CD,CHAR,2,NCH,,
line_prmry_alowd_chrg_amt,LINE_PRMRY_ALOWD_CHRG_AMT,Line Primary Payer Allowed Charge Amount,PRPYALOW,LINE_PRMRY_ALOWD_CHRG_AMT,NUM,12,NCH,,
line_prvdr_pmt_amt,LINE_PRVDR_PMT_AMT,Line Provider Payment Amount,LPRVPMT,LINE_PRVDR_PMT_AMT,NUM,12,NCH,XXX.XX,
line_sbmtd_chrg_amt,LINE_SBMTD_CHRG_AMT,Line Submitted Charge Amount,LSBMTCHG,LINE_SBMTD_CHRG_AMT,NUM,12,NCH,XXX.XX,
line_service_deductible,LINE_SERVICE_DEDUCTIBLE,Line Service Deductible Indicator Switch,DED_SW,LINE_SERVICE_DEDUCTIBLE,CHAR,1,NCH,,
line_srvc_cnt,LINE_SRVC_CNT,Line Service Count,SRVC_CNT,LINE_SRVC_CNT,NUM,4,NCH,,
ms_cd,MS_CD,Medicare Status Code,MS_CD,BENE_MDCR_STATUS_CD,CHAR,2,CMS Enrollment Database (EDB) (derived by CMS),,
nch_actv_or_cvrd_lvl_care_thru,NCH_ACTV_OR_CVRD_LVL_CARE_THRU,NCH Active or Covered Level Care Thru Date,CARETHRU,NCH_ACTV_OR_CVRD_LVL_CARE_THRU,DATE,8,NCH QA Process,,
nch_bene_blood_ddctbl_lblty_am,NCH_BENE_BLOOD_DDCTBL_LBLTY_AM,NCH Beneficiary Blood Deductible Liability Amount,BLDDEDAM,NCH_BENE_BLOOD_DDCTBL_LBLTY_AM,NUM,12,NCH QA PROCESS,XXX.XX,
nch_bene_dschrg_dt,NCH_BENE_DSCHRG_DT,NCH Beneficiary Discharge Date,DSCHRGDT,NCH_BENE_DSCHRG_DT,DATE,8,NCH QA Process,,
nch_bene_ip_ddctbl_amt,NCH_BENE_IP_DDCTBL_AMT,NCH Beneficiary Inpatient (or other Part A) Deductible Amount,DED_AMT,NCH_BENE_IP_DDCTBL_AMT,NUM,12,NCH,XXX.XX,
nch_bene_mdcr_bnfts_exhtd_dt_i,NCH_BENE_MDCR_BNFTS_EXHTD_DT_I,NCH Beneficiary Medicare Benefits Exhausted Date,EXHST_DT,NCH_BENE_MDCR_BNFTS_EXHTD_DT_I,DATE,8,NCH QA Process,,
nch_bene_pta_coinsrnc_lblty_amt,NCH_BENE_PTA_COINSRNC_LBLTY_AMT,NCH Beneficiary Part A Coinsurance Liability Amount,COIN_AMT,NCH_BENE_PTA_COINSRNC_LBLTY_AM,NUM,12,NCH,XXX.XX,
nch_bene_ptb_coinsrnc_amt,NCH_BENE_PTB_COINSRNC_AMT,NCH Beneficiary Part B Coinsurance Amount,PTB_COIN,NCH_BENE_PTB_COINSRNC_AMT,NUM,12,NCH QA PROCESS,XXX.XX,
nch_bene_ptb_ddctbl_amt,NCH_BENE_PTB_DDCTBL_AMT,NCH Beneficiary Part B Deductible Amount,PTB_DED,NCH_BENE_PTB_DDCTBL_AMT,NUM,12,NCH QA PROCESS,XXX.XX,
nch_blood_pnts_frnshd_qty,NCH_BLOOD_PNTS_FRNSHD_QTY,NCH Blood Pints Furnished Quantity,BLDFRNSH,NCH_BLOOD_PNTS_FRNSHD_QTY,NUM,3,NCH,,
nch_carr_clm_alowd_amt,NCH_CARR_CLM_ALOWD_AMT,NCH Carrier Claim Allowed Charge Amount (sum of all line-level allowed charges),ALOWCHRG,NCH_CARR_CLM_ALOWD_AMT,NUM,12,NCH QA Process,XXX.XX,
nch_carr_clm_sbmtd_chrg_amt,NCH_CARR_CLM_SBMTD_CHRG_AMT,NCH Carrier Claim Submitted Charge Amount (sum of all line-level submitted charges),SBMTCHRG,NCH_CARR_CLM_SBMTD_CHRG_AMT,NUM,12,NCH QA Process,XXX.XX,
nch_clm_bene_pmt_amt,NCH_CLM_BENE_PMT_AMT,NCH Claim Payment Amount to Beneficiary,BENE_PMT,NCH_CLM_BENE_PMT_AMT,NUM,12,NCH QA Process,XXX.XX,
nch_clm_prvdt_pmt_amt,NCH_CLM_PRVDT_PMT_AMT,NCH Claim Provider Payment Amount,PROV_PMT,NCH_CLM_PRVDR_PMT_AMT,NUM,12,NCH QA Process,XXX.XX,
nch_clm_type_cd,NCH_CLM_TYPE_CD,NCH Claim Type Code,CLM_TYPE,NCH_CLM_TYPE_CD,CHAR,2,NCH,,
nch_drg_outlier_aprvd_pmt_amt,NCH_DRG_OUTLIER_APRVD_PMT_AMT,NCH DRG Outlier Approved Payment Amount,OUTLRPMT,NCH_DRG_OUTLIER_APRVD_PMT_AMT,NUM,12,NCH QA Process,,
nch_ip_ncvrd_chrg_amt,NCH_IP_NCVRD_CHRG_AMT,NCH Inpatient(or other Part A) Non-covered Charge Amount,NCCHGAMT,NCH_IP_NCVRD_CHRG_AMT,NUM,12,NCH QA Process,XXX.XX,
nch_ip_tot_ddctn_amt,NCH_IP_TOT_DDCTN_AMT,NCH Inpatient (or other Part A) Total Deductible/Coinsurance Amount,TDEDAMT,NCH_IP_TOT_DDCTN_AMT,NUM,12,NCH QA Process,XXX.XX,
nch_near_line_rec_ident_cd,NCH_NEAR_LINE_REC_IDENT_CD,NCH Near Line Record Identification Code (RIC),RIC_CD,NCH_NEAR_LINE_REC_IDENT_CD,CHAR,1,NCH,,
nch_prmry_pyr_cd,NCH_PRMRY_PYR_CD,NCH Primary Payer Code (if not Medicare),PRPAY_CD,NCH_PRMRY_PYR_CD,CHAR,1,NCH,,
nch_profnl_cmpnt_chrg_amt,NCH_PROFNL_CMPNT_CHRG_AMT,Professional Component Charge Amount,PCCHGAMT,NCH_PROFNL_CMPNT_CHRG_AMT,NUM,12,NCH QA Process,XXX.XX,
nch_ptnt_stus_ind_cd,NCH_PTNT_STUS_IND_CD,NCH Patient Status Indicator Code,PTNTSTUS,NCH_PTNT_STUS_IND_CD,CHAR,1,NCH QA Process,,
nch_qlfyd_stay_from_dt,NCH_QLFYD_STAY_FROM_DT,NCH Qualified Stay From Date,QLFYFROM,NCH_QLFYD_STAY_FROM_DT,DATE,8,NCH QA Process,,
nch_qlfyd_stay_thru_dt,NCH_QLFYD_STAY_THRU_DT,NCH Qualified Stay Through Date,QLFYTHRU,NCH_QLFYD_STAY_THRU_DT,DATE,8,NCH QA Process,,
nch_vrfd_ncvrd_stay_from_dt,NCH_VRFD_NCVRD_STAY_FROM_DT,NCH Verified Non-covered Stay From Date,NCOVFROM,NCH_VRFD_NCVRD_STAY_FROM_DT,DATE,8,NCH QA Process,,
nch_vrfd_ncvrd_stay_thru_dt,NCH_VRFD_NCVRD_STAY_THRU_DT,NCH Verified Non-covered Stay Through Date,NCOVTHRU,NCH_VRFD_NCVRD_STAY_THRU_DT,DATE,8,NCH QA Process,,
nch_wkly_proc_dt,NCH_WKLY_PROC_DT,NCH Weekly Claim Processing Date,WKLY_DT,NCH_WKLY_PROC_DT,DATE,8,NCH,,
ncpdp_id,NCPDP_ID,NCPDP Pharmacy identifier,NCPDP_ID,NCPDP_ID,CHAR,7,PDE and NCDPD dataQ™,Null,
ncvrd_plan_pd_amt,NCVRD_PLAN_PD_AMT,Amount paid by Part D plan for the PDE (drug is not covered by Part D),NPP_AMT,NCVRD_PLAN_PD_AMT,NUM,10,PDE,,
nstd_frmt_cd,NSTD_FRMT_CD,Non-Standard Format Code,NSTFMTCD,NSTD_FRMT_CD,CHAR,1,PDE,,
op_physn_npi,OP_PHYSN_NPI,Claim Operating Physician NPI Number,OP_NPI,OP_PHYSN_NPI,CHAR,10,NCH,,
op_physn_spclty_cd,OP_PHYSN_SPCLTY_CD,Claim Operating Physician Specialty Code,OP_PHYSN_SPCLTY_CD,OP_PHYSN_SPCLTY_CD,CHAR,2,NCH,,
op_physn_upin,OP_PHYSN_UPIN,Claim Operating Physician UPIN Number,OP_UPIN,OP_PHYSN_UPIN,CHAR,6,NCH,,
orec,OREC,Original Reason for Entitlement Code,OREC,BENE_ENTLMT_RSN_ORIG,CHAR,1,CMS Enrollment Database (EDB),,
org_npi_num,ORG_NPI_NUM,Organization (or group) NPI Number,ORGNPINM,ORG_NPI_NUM,CHAR,10,NCH,,
ot_physn_npi,OT_PHYSN_NPI,Claim Other Physician NPI Number,OT_NPI,OT_PHYSN_NPI,CHAR,10,NCH,,
ot_physn_spclty_cd,OT_PHYSN_SPCLTY_CD,Claim Other Physician Specialty Code,OT_PHYSN_SPCLTY_CD,OT_PHYSN_SPCLTY_CD,CHAR,2,NCH,,
ot_physn_upin,OT_PHYSN_UPIN,Claim Other Physician UPIN Number,OT_UPIN,OT_PHYSN_UPIN,CHAR,6,NCH,,
othr_troop_amt,OTHR_TROOP_AMT,Other True Out-of-Pocket (TrOOP) Amount,OTHTROOP,OTHR_TROOP_AMT,NUM,10,PDE,,
pbpid01,PBPID01,Monthly Part D Plan Benefit Package Number - January,PBPID01,PTD_PBP_ID_01,CHAR,3,CMS Enrollment Database (EDB),3-digit alphanumeric that can include leading zeros.,
pbpid02,PBPID02,Monthly Part D Plan Benefit Package Number - February,PBPID02,PTD_PBP_ID_02,CHAR,3,CMS Enrollment Database (EDB),3-digit alphanumeric that can include leading zeros.,
pbpid03,PBPID03,Monthly Part D Plan Benefit Package Number - March,PBPID03,PTD_PBP_ID_03,CHAR,3,CMS Enrollment Database (EDB),3-digit alphanumeric that can include leading zeros.,
pbpid04,PBPID04,Monthly Part D Plan Benefit Package Number - April,PBPID04,PTD_PBP_ID_04,CHAR,3,CMS Enrollment Database (EDB),3-digit alphanumeric that can include leading zeros.,
pbpid05,PBPID05,Monthly Part D Plan Benefit Package Number - May,PBPID05,PTD_PBP_ID_05,CHAR,3,CMS Enrollment Database (EDB),3-digit alphanumeric that can include leading zeros.,
pbpid06,PBPID06,Monthly Part D Plan Benefit Package Number - June,PBPID06,PTD_PBP_ID_06,CHAR,3,CMS Enrollment Database (EDB),3-digit alphanumeric that can include leading zeros.,
pbpid07,PBPID07,Monthly Part D Plan Benefit Package Number - July,PBPID07,PTD_PBP_ID_07,CHAR,3,CMS Enrollment Database (EDB),3-digit alphanumeric that can include leading zeros.,
pbpid08,PBPID08,Monthly Part D Plan Benefit Package Number - August,PBPID08,PTD_PBP_ID_08,CHAR,3,CMS Enrollment Database (EDB),3-digit alphanumeric that can include leading zeros.,
pbpid09,PBPID09,Monthly Part D Plan Benefit Package Number - September,PBPID09,PTD_PBP_ID_09,CHAR,3,CMS Enrollment Database (EDB),3-digit alphanumeric that can include leading zeros.,
pbpid10,PBPID10,Monthly Part D Plan Benefit Package Number - October,PBPID10,PTD_PBP_ID_10,CHAR,3,CMS Enrollment Database (EDB),3-digit alphanumeric that can include leading zeros.,
pbpid11,PBPID11,Monthly Part D Plan Benefit Package Number - November,PBPID11,PTD_PBP_ID_11,CHAR,3,CMS Enrollment Database (EDB),3-digit alphanumeric that can include leading zeros.,
pbpid12,PBPID12,Monthly Part D Plan Benefit Package Number - December,PBPID12,PTD_PBP_ID_12,CHAR,3,CMS Enrollment Database (EDB),3-digit alphanumeric that can include leading zeros.,
pd_dt,PD_DT,Paid Date,PD_DT,PD_DT,DATE,8,PDE,Date formatted as CCYYMMDD,
pde_id,PDE_ID,CCW Encrypted Part D Event Number,PDE_ID,PDE_ID,CHAR,15,CCW,,
pde_prscrbr_id_frmt_cd,PDE_PRSCRBR_ID_FRMT_CD,PDE Prescriber ID Format Code,PDE_PRSCRBR_ID_FRMT_CD,PDE_PRSCRBR_ID_FRMT_CD,CHAR,1,PDE (derived),,
phrmcy_srvc_type_cd,PHRMCY_SRVC_TYPE_CD,Pharmacy service type code,,PHRMCY_SRVC_TYPE_CD,CHAR,2,PDE,,
physn_zip_cd,PHYSN_ZIP_CD,Line Place of Service (POS) Physician Zip Code,PHYSN_ZIP_CD,PHYSN_ZIP_CD,CHAR,15,NCH,,
plan_cntrct_rec_id,PLAN_CNTRCT_REC_ID,Plan Contract ID,PLNCNTRC,PLAN_CNTRCT_REC_ID,CHAR,5,PDE,,
plan_pbp_rec_num,PLAN_PBP_REC_NUM,Plan Benefit Package ID,PLNPBPRC,PLAN_PBP_REC_NUM,CHAR,3,PDE,3-digit numeric value,
plncovmo,PLNCOVMO,Months of Part D Coverage,PLNCOVMO,PLAN_CVRG_MOS_NUM,CHAR,2,CMS Enrollment Database (EDB) (derived),The value in this field is between '00' through '12'.,
plro_amt,PLRO_AMT,Reduction in patient liability due to payments by other payers (PLRO),PLRO_AMT,PLRO_AMT,NUM,10,PDE,,
pps_std_val_pymt_amt,PPS_STD_VAL_PYMT_AMT,Standard Payment Amount,PPS_STD_VAL_PYMT_AMT,PPS_STD_VAL_PYMT_AMT,NUM,12,NCH,XXX.XX,
prcdr_dt1,PRCDR_DT1,Claim Procedure Code I Date,PRCDR_DT1,PRCDR_DT1,DATE,8,NCH,,
prcdr_dt10,PRCDR_DT10,Claim Procedure Code X Date,PRCDR_DT10,PRCDR_DT10,DATE,8,NCH,,
prcdr_dt11,PRCDR_DT11,Claim Procedure Code XI Date,PRCDR_DT11,PRCDR_DT11,DATE,8,NCH,,
prcdr_dt12,PRCDR_DT12,Claim Procedure Code XII Date,PRCDR_DT12,PRCDR_DT12,DATE,8,NCH,,
prcdr_dt13,PRCDR_DT13,Claim Procedure Code XIII Date,PRCDR_DT13,PRCDR_DT13,DATE,8,NCH,,
prcdr_dt14,PRCDR_DT14,Claim Procedure Code XIV Date,PRCDR_DT14,PRCDR_DT14,DATE,8,NCH,,
prcdr_dt15,PRCDR_DT15,Claim Procedure Code XV Date,PRCDR_DT15,PRCDR_DT15,DATE,8,NCH,,
prcdr_dt16,PRCDR_DT16,Claim Procedure Code XVI Date,PRCDR_DT16,PRCDR_DT16,DATE,8,NCH,,
prcdr_dt17,PRCDR_DT17,Claim Procedure Code XVII Date,PRCDR_DT17,PRCDR_DT17,DATE,8,NCH,,
prcdr_dt18,PRCDR_DT18,Claim Procedure Code XVIII Date,PRCDR_DT18,PRCDR_DT18,DATE,8,NCH,,
prcdr_dt19,PRCDR_DT19,Claim Procedure Code XIX Date,PRCDR_DT19,PRCDR_DT19,DATE,8,NCH,,
prcdr_dt2,PRCDR_DT2,Claim Procedure Code II Date,PRCDR_DT2,PRCDR_DT2,DATE,8,NCH,,
prcdr_dt20,PRCDR_DT20,Claim Procedure Code XX Date,PRCDR_DT20,PRCDR_DT20,DATE,8,NCH,,
prcdr_dt21,PRCDR_DT21,Claim Procedure Code XXI Date,PRCDR_DT21,PRCDR_DT21,DATE,8,NCH,,
prcdr_dt22,PRCDR_DT22,Claim Procedure Code XXII Date,PRCDR_DT22,PRCDR_DT22,DATE,8,NCH,,
prcdr_dt23,PRCDR_DT23,Claim Procedure Code XXIII Date,PRCDR_DT23,PRCDR_DT23,DATE,8,NCH,,
prcdr_dt24,PRCDR_DT24,Claim Procedure Code XXIV Date,PRCDR_DT24,PRCDR_DT24,DATE,8,NCH,,
prcdr_dt25,PRCDR_DT25,Claim Procedure Code XXV Date,PRCDR_DT25,PRCDR_DT25,DATE,8,NCH,,
prcdr_dt3,PRCDR_DT3,Claim Procedure Code III Date,PRCDR_DT3,PRCDR_DT3,DATE,8,NCH,,
prcdr_dt4,PRCDR_DT4,Claim Procedure Code IV Date,PRCDR_DT4,PRCDR_DT4,DATE,8,NCH,,
prcdr_dt5,PRCDR_DT5,Claim Procedure Code V Date,PRCDR_DT5,PRCDR_DT5,DATE,8,NCH,,
prcdr_dt6,PRCDR_DT6,Claim Procedure Code VI Date,PRCDR_DT6,PRCDR_DT6,DATE,8,NCH,,
prcdr_dt7,PRCDR_DT7,Claim Procedure Code VII Date,PRCDR_DT7,PRCDR_DT7,DATE,8,NCH,,
prcdr_dt8,PRCDR_DT8,Claim Procedure Code VIII Date,PRCDR_DT8,PRCDR_DT8,DATE,8,NCH,,
prcdr_dt9,PRCDR_DT9,Claim Procedure Code IX Date,PRCDR_DT9,PRCDR_DT9,DATE,8,NCH,,
prcng_excptn_cd,PRCNG_EXCPTN_CD,Pricing Exception Code,PRCGEXCD,PRCNG_EXCPTN_CD,CHAR,1,PDE,,
prf_physn_npi,PRF_PHYSN_NPI,Carrier Line Performing NPI Number,PRFNPI,PRF_PHYSN_NPI,CHAR,12,NCH,,
prf_physn_upin,PRF_PHYSN_UPIN,Carrier Line Performing UPIN Number,PRF_UPIN,PRF_PHYSN_UPIN,CHAR,12,NCH,,
prior_authorization_yn,PRIOR_AUTHORIZATION_YN,Prior Authorization Indicator,PRAUTHYN,PRIOR_AUTHORIZATION_YN,CHAR,2,PDE and Plan Characteristics (derived),,
prncpal_dgns_cd,PRNCPAL_DGNS_CD,Claim Principal Diagnosis Code,PRNCPAL_DGNS_CD,PRNCPAL_DGNS_CD,CHAR,7,NCH,,
prncpal_dgns_vrsn_cd,PRNCPAL_DGNS_VRSN_CD,Claim Principal Diagnosis Version Code,PRNCPAL_DGNS_VRSN_CD,PRNCPAL_DGNS_VRSN_CD,CHAR,1,NCH,,
prod_srvc_id,PROD_SRVC_ID,Product Service ID,PRDSRVID,PROD_SRVC_ID,CHAR,19,PDE,,
prpayamt,PRPAYAMT,NCH Primary Payer (if not Medicare) Claim Paid Amount,PRPAYAMT,NCH_PRMRY_PYR_CLM_PD_AMT,NUM,12,NCH,,
prscrbr_id,PRSCRBR_ID,Prescriber Identification Number,PRSCRBR_ID,PRSCRBR_ID,CHAR,15,PDE,Up to 15 positive integers,
prscrbr_id_qlfyr_cd,PRSCRBR_ID_QLFYR_CD,Prescriber identification number qualifier code,PRSCRBR_ID_QLFYR_CD,PRSCRBR_ID_QLFYR_CD,CHAR,2,PDE,,
prtcptng_ind_cd,PRTCPTNG_IND_CD,Line Provider Participating Indicator Code,PRTCPTG,PRTCPTNG_IND_CD,CHAR,1,NCH,,
prvdr_npi,PRVDR_NPI,DMERC Line Item Supplier NPI Number,SUP_NPI,PRVDR_NPI,CHAR,12,NCH,,
prvdr_num,PRVDR_NUM,Provider Number,PROVIDER,PRVDR_NUM,CHAR,6,,,
prvdr_spclty,PRVDR_SPCLTY,Line CMS Provider Specialty Code,HCFASPCL,PRVDR_SPCLTY,CHAR,3,NCH,,
prvdr_state_cd,PRVDR_STATE_CD,NCH Provider SSA State Code,PRSTATE,PRVDR_STATE_CD,CHAR,2,NCH,,
prvdr_zip,PRVDR_ZIP,Carrier Line Performing Provider ZIP Code,PROVZIP,PRVDR_ZIP,CHAR,9,NCH,,
ptnt_dschrg_stus_cd,PTNT_DSCHRG_STUS_CD,Patient Discharge Status Code,STUS_CD,PTNT_DSCHRG_STUS_CD,CHAR,2,NCH,,
ptnt_pay_amt,PTNT_PAY_AMT,Amount Paid by Patient,PTPAYAMT,PTNT_PAY_AMT,NUM,10,PDE,,
ptnt_rsdnc_cd,PTNT_RSDNC_CD,Patient Residence Code,,PTNT_RSDNC_CD,CHAR,2,PDE,,
qty_dspnsd_num,QTY_DSPNSD_NUM,Quantity Dispensed,QTYDSPNS,QTY_DSPNSD_NUM,NUM,12,PDE,,
quantity_limit_yn,QUANTITY_LIMIT_YN,Quantity Limit Indicator,QTYDSPNS,QTY_DSPNSD_NUM,CHAR,2,PDE and Plan Characteristics (derived),,
race,RACE,Beneficiary Race Code,RACE,BENE_RACE_CD,CHAR,1,CMS Enrollment Database (EDB),,
rc_ptnt_add_on_pymt_amt,RC_PTNT_ADD_ON_PYMT_AMT,Revenue Center Patient/Initial Visit Add-On Payment Amount (for initial wellness visit),RC_PTNT_ADD_ON_PYMT_AMT,RC_PTNT_ADD_ON_PYMT_AMT,NUM,12,NCH,XXX.XX,
rdscovmo,RDSCOVMO,Months of Retiree Drug Subsidy Coverage,RDSCOVMO,RDS_CVRG_MOS_NUM,CHAR,2,CMS Enrollment Database (EDB) (derived),The value in this field is between '00' through '12'.,
rdsind01,RDSIND01,Monthly Part D Retiree Drug Subsidy Indicator - January,RDSIND01,RDS_IND_01,CHAR,1,CMS Enrollment Database (EDB),,
rdsind02,RDSIND02,Monthly Part D Retiree Drug Subsidy Indicator - February,RDSIND02,RDS_IND_02,CHAR,1,CMS Enrollment Database (EDB),,
rdsind03,RDSIND03,Monthly Part D Retiree Drug Subsidy Indicator - March,RDSIND03,RDS_IND_03,CHAR,1,CMS Enrollment Database (EDB),,
rdsind04,RDSIND04,Monthly Part D Retiree Drug Subsidy Indicator - April,RDSIND04,RDS_IND_04,CHAR,1,CMS Enrollment Database (EDB),,
rdsind05,RDSIND05,Monthly Part D Retiree Drug Subsidy Indicator - May,RDSIND05,RDS_IND_05,CHAR,1,CMS Enrollment Database (EDB),,
rdsind06,RDSIND06,Monthly Part D Retiree Drug Subsidy Indicator - June,RDSIND06,RDS_IND_06,CHAR,1,CMS Enrollment Database (EDB),,
rdsind07,RDSIND07,Monthly Part D Retiree Drug Subsidy Indicator - July,RDSIND07,RDS_IND_07,CHAR,1,CMS Enrollment Database (EDB),,
rdsind08,RDSIND08,Monthly Part D Retiree Drug Subsidy Indicator - August,RDSIND08,RDS_IND_08,CHAR,1,CMS Enrollment Database (EDB),,
rdsind09,RDSIND09,Monthly Part D Retiree Drug Subsidy Indicator - September,RDSIND09,RDS_IND_09,CHAR,1,CMS Enrollment Database (EDB),,
rdsind10,RDSIND10,Monthly Part D Retiree Drug Subsidy Indicator - October,RDSIND10,RDS_IND_10,CHAR,1,CMS Enrollment Database (EDB),,
rdsind11,RDSIND11,Monthly Part D Retiree Drug Subsidy Indicator - November,RDSIND11,RDS_IND_11,CHAR,1,CMS Enrollment Database (EDB),,
rdsind12,RDSIND12,Monthly Part D Retiree Drug Subsidy Indicator - December,RDSIND12,RDS_IND_12,CHAR,1,CMS Enrollment Database (EDB),,
rev_cntr,REV_CNTR,Revenue Center Code,REV_CNTR,REV_CNTR,CHAR,4,NCH,,
rev_cntr_1st_ansi_cd,REV_CNTR_1ST_ANSI_CD,Revenue Center 1st ANSI Code,REVANSI1,REV_CNTR_1ST_ANSI_CD,CHAR,5,NCH,,
rev_cntr_1st_msp_pd_amt,REV_CNTR_1ST_MSP_PD_AMT,Revenue Center 1st Medicare Secondary Payer (MSP) Paid Amount,REV_MSP1,REV_CNTR_1ST_MSP_PD_AMT,NUM,12,NCH,XXX.XX,
rev_cntr_2nd_ansi_cd,REV_CNTR_2ND_ANSI_CD,Revenue Center 2nd ANSI Code,REVANSI2,REV_CNTR_2ND_ANSI_CD,CHAR,5,NCH,,
rev_cntr_2nd_msp_pd_amt,REV_CNTR_2ND_MSP_PD_AMT,Revenue Center 2nd Medicare Secondary Payer (MSP) Paid Amount,REV_MSP2,REV_CNTR_2ND_MSP_PD_AMT,NUM,12,NCH,XXX.XX,
rev_cntr_3rd_ansi_cd,REV_CNTR_3RD_ANSI_CD,Revenue Center 3rd ANSI Code,REVANSI3,REV_CNTR_3RD_ANSI_CD,CHAR,5,NCH,,
rev_cntr_4th_ansi_cd,REV_CNTR_4TH_ANSI_CD,Revenue Center 4th ANSI Code,REVANSI4,REV_CNTR_4TH_ANSI_CD,CHAR,5,NCH,,
rev_cntr_apc_hipps_cd,REV_CNTR_APC_HIPPS_CD,Revenue Center APC or HIPPS Code,APCHIPPS,REV_CNTR_APC_HIPPS_CD,CHAR,5,NCH,,
rev_cntr_bene_pmt_amt,REV_CNTR_BENE_PMT_AMT,Revenue Center Payment Amount to Beneficiary,RBENEPMT,REV_CNTR_BENE_PMT_AMT,NUM,12,NCH,XXX.XX,
rev_cntr_blood_ddctbl_amt,REV_CNTR_BLOOD_DDCTBL_AMT,Revenue Center Blood Deductible Amount,REVBLOOD,REV_CNTR_BLOOD_DDCTBL_AMT,NUM,12,NCH,XXX.XX,
rev_cntr_cash_ddctbl_amt,REV_CNTR_CASH_DDCTBL_AMT,Revenue Center Cash Deductible Amount,REVDCTBL,REV_CNTR_CASH_DDCTBL_AMT,NUM,12,NCH,XXX.XX,
rev_cntr_coinsrnc_wge_adjstd_c,REV_CNTR_COINSRNC_WGE_ADJSTD_C,Revenue Center Coinsurance/Wage Adjusted Coinsurance Amount,WAGEADJ,REV_CNTR_COINSRNC_WGE_ADJSTD_C,NUM,12,NCH,XXX.XX,
rev_cntr_ddctbl_coinsrnc_cd,REV_CNTR_DDCTBL_COINSRNC_CD,Revenue Center Deductible Coinsurance Code,REVDEDCD,REV_CNTR_DDCTBL_COINSRNC_CD,CHAR,1,NCH,,
rev_cntr_dscnt_ind_cd,REV_CNTR_DSCNT_IND_CD,Revenue Center Discount Indicator Code,DSCNTIND,REV_CNTR_DSCNT_IND_CD,CHAR,1,NCH,,
rev_cntr_dt,REV_CNTR_DT,Revenue Center Date,REV_DT,REV_CNTR_DT,DATE,8,NCH,,
rev_cntr_ide_ndc_upc_num,REV_CNTR_IDE_NDC_UPC_NUM,"Revenue Center IDE, NDC, or UPC Number",IDENDC,REV_CNTR_IDE_NDC_UPC_NUM,CHAR,24,NCH,,
rev_cntr_ncvrd_chrg_amt,REV_CNTR_NCVRD_CHRG_AMT,Revenue Center Non-Covered Charge Amount,REV_NCVR,REV_CNTR_NCVRD_CHRG_AMT,NUM,12,NCH,XXX.XX,
rev_cntr_ndc_qty,REV_CNTR_NDC_QTY,Revenue Center National Drug Code (NDC) Quantity,REV_CNTR_NDC_QTY,REV_CNTR_NDC_QTY,NUM,10,NCH,,
rev_cntr_ndc_qty_qlfr_cd,REV_CNTR_NDC_QTY_QLFR_CD,Revenue Center NDC Quantity Qualifier Code,REV_CNTR_NDC_QTY_QLFR_CD,REV_CNTR_NDC_QTY_QLFR_CD,CHAR,2,NCH,,
rev_cntr_otaf_pmt_cd,REV_CNTR_OTAF_PMT_CD,Revenue Center Obligation to Accept As Full (OTAF) Payment Code,OTAF_1,REV_CNTR_OTAF_PMT_CD,CHAR,1,NCH,,
rev_cntr_packg_ind_cd,REV_CNTR_PACKG_IND_CD,Revenue Center Packaging Indicator Code,PACKGIND,REV_CNTR_PACKG_IND_CD,CHAR,1,NCH,,
rev_cntr_pmt_amt_amt,REV_CNTR_PMT_AMT_AMT,Revenue Center (Medicare) Payment Amount,REVPMT,REV_CNTR_PMT_AMT_AMT,NUM,12,NCH,XXX.XX,
rev_cntr_pmt_mthd_ind_cd,REV_CNTR_PMT_MTHD_IND_CD,Revenue Center Payment Method Indicator Code,PMTMTHD,REV_CNTR_PMT_MTHD_IND_CD,CHAR,2,NCH,,
rev_cntr_prcng_ind_cd,REV_CNTR_PRCNG_IND_CD,Revenue Center Pricing Indicator Code,REV_CNTR_PRCNG_IND_CD,REV_CNTR_PRCNG_IND_CD,CHAR,2,NCH,,
rev_cntr_prvdr_pmt_amt,REV_CNTR_PRVDR_PMT_AMT,Revenue Center (Medicare) Provider Payment Amount,RPRVDPMT,REV_CNTR_PRVDR_PMT_AMT,NUM,12,NCH,XXX.XX,
rev_cntr_ptnt_rspnsblty_pmt,REV_CNTR_PTNT_RSPNSBLTY_PMT,Revenue Center Patient Responsibility Payment Amount,PTNTRESP,REV_CNTR_PTNT_RSPNSBLTY_PMT,NUM,12,NCH,XXX.XX,
rev_cntr_rate_amt,REV_CNTR_RATE_AMT,Revenue Center Rate Amount,REV_RATE,REV_CNTR_RATE_AMT,NUM,12,NCH,,
rev_cntr_rdcd_coinsrnc_amt,REV_CNTR_RDCD_COINSRNC_AMT,Revenue Center Reduced Coinsurance Amount,RDCDCOIN,REV_CNTR_RDCD_COINSRNC_AMT,NUM,12,NCH,XXX.XX,
rev_cntr_stus_ind_cd,REV_CNTR_STUS_IND_CD,Revenue Center Status Indicator Code,REVSTIND,REV_CNTR_STUS_IND_CD,CHAR,2,NCH,,
rev_cntr_tot_chrg_amt,REV_CNTR_TOT_CHRG_AMT,Revenue Center Total Charge Amount,REV_CHRG,REV_CNTR_TOT_CHRG_AMT,NUM,12,NCH,XXX.XX,
rev_cntr_unit_cnt,REV_CNTR_UNIT_CNT,Revenue Center Unit Count,REV_UNIT,REV_CNTR_UNIT_CNT,NUM,8,NCH,,
rfr_physn_npi,RFR_PHYSN_NPI,Claim Referring Physician NPI Number,RFR_PHYSN_NPI*,RFR_PHYSN_NPI,CHAR,12,NCH,,
rfr_physn_spclty_cd,RFR_PHYSN_SPCLTY_CD,Claim Referring Physician NPI Number,RFR_PHYSN_SPCLTY_CD,RFR_PHYSN_SPCLTY_CD,CHAR,2,NCH,,
rfr_physn_upin,RFR_PHYSN_UPIN,Carrier/DMERC Claim Ordering Physician UPIN Number,RFR_UPIN,RFR_PHYSN_UPIN,CHAR,12,NCH,,
rfrnc_yr,RFRNC_YR,Reference Year,RFRNC_YR,BENE_ENROLLMT_REF_YR,NUM,4,CMS Enrollment Database (EDB),1999 - current data year,
rlt_ocrnc_cd_seq,RLT_OCRNC_CD_SEQ,Claim Related Occurrence Code Sequence,RLTOCRSQ,RLT_OCRNC_CD_SEQ,CHAR,3,CCW,,
rlt_span_cd_seq,RLT_SPAN_CD_SEQ,Claim Related Span Code Sequence,RLTSPNSQ,RLT_SPAN_CD_SEQ,CHAR,2,CCW,,
rlt_val_cd_seq,RLT_VAL_CD_SEQ,Claim Related Value Code Sequence,RLTVALSQ,RLT_VAL_CD_SEQ,CHAR,3,CCW,,
rltcndsq,RLTCNDSQ,Claim Related Condition Code Sequence,RLTCNDSQ,RLT_COND_CD_SEQ,CHAR,3,CCW,,
rndrng_physn_npi,RNDRNG_PHYSN_NPI,Rendering Physician NPI,RNDRNG_PHYSN_NPI,RNDRNG_PHYSN_NPI,CHAR,12,NCH,,
rndrng_physn_spclty_cd,RNDRNG_PHYSN_SPCLTY_CD,Claim or Revenue Center Rendering Physician Specialty Code,RNDRNG_PHYSN_SPCLTY_CD,RNDRNG_PHYSN_SPCLTY_CD,CHAR,2,NCH,,
rndrng_physn_upin,RNDRNG_PHYSN_UPIN,Revenue Center Rendering Physician UPIN,RNDRNG_PHYSN_UPIN,RNDRNG_PHYSN_UPIN,CHAR,12,NCH,,
rptd_gap_dscnt_num,RPTD_GAP_DSCNT_NUM,Gap Discount Amount,GAPDSCNT,RPTD_GAP_DSCNT_NUM,NUM,10,PDE,,
rsn_visit_cd1,RSN_VISIT_CD1,Reason for Visit Diagnosis Code I,RSN_VISIT_CD1,RSN_VISIT_CD1,CHAR,7,NCH,,
rsn_visit_cd2,RSN_VISIT_CD2,Reason for Visit Diagnosis Code II,RSN_VISIT_CD2,RSN_VISIT_CD2,CHAR,7,NCH,,
rsn_visit_cd3,RSN_VISIT_CD3,Reason for Visit Diagnosis Code III,RSN_VISIT_CD3,RSN_VISIT_CD3,CHAR,7,NCH,,
rsn_visit_vrsn_cd1,RSN_VISIT_VRSN_CD1,Reason for Visit Diagnosis Code I Diagnosis Version Code (ICD-9 or ICD-10),RSN_VISIT_VRSN_CD1,RSN_VISIT_VRSN_CD1,CHAR,1,NCH,,
rsn_visit_vrsn_cd2,RSN_VISIT_VRSN_CD2,Reason for Visit Diagnosis Code II Diagnosis Version Code (ICD-9 or ICD-10),RSN_VISIT_VRSN_CD2,RSN_VISIT_VRSN_CD2,CHAR,1,NCH,,
rsn_visit_vrsn_cd3,RSN_VISIT_VRSN_CD3,Reason for Visit Diagnosis Code III Diagnosis Version Code (ICD-9 or ICD-10),RSN_VISIT_VRSN_CD3,RSN_VISIT_VRSN_CD3,CHAR,1,NCH,,
rti_race_cd,RTI_RACE_CD,Research Triangle Institute (RTI) Race Code,RTI_RACE_CD,RTI_RACE_CD,CHAR,1,CMS Enrollment Database (EDB) (derived),,
rx_orgn_cd,RX_ORGN_CD,Prescription Origination Code,RX_ORGN_CD,RX_ORGN_CD,CHAR,1,PDE,,
rx_srvc_rfrnc_num,RX_SRVC_RFRNC_NUM,RX Service Reference Number,SRVRFNUM,RX_SRVC_RFRNC_NUM,NUM,12,PDE,,
sex,SEX,Sex,SEX,BENE_SEX_IDENT_CD,CHAR,1,CMS Enrollment Database (EDB),,
sgmtid01,SGMTID01,Monthly Part D Market Segment Identifier - January,SGMTID01,PTD_SGMT_ID_01,CHAR,3,CMS Enrollment Database (EDB),Null/missing or a 3-digit numeric value that includes leading zeros.,
sgmtid02,SGMTID02,Monthly Part D Market Segment Identifier - February,SGMTID02,PTD_SGMT_ID_02,CHAR,3,CMS Enrollment Database (EDB),Null/missing or a 3-digit numeric value that includes leading zeros.,
sgmtid03,SGMTID03,Monthly Part D Market Segment Identifier - March,SGMTID03,PTD_SGMT_ID_03,CHAR,3,CMS Enrollment Database (EDB),Null/missing or a 3-digit numeric value that includes leading zeros.,
sgmtid04,SGMTID04,Monthly Part D Market Segment Identifier - April,SGMTID04,PTD_SGMT_ID_04,CHAR,3,CMS Enrollment Database (EDB),Null/missing or a 3-digit numeric value that includes leading zeros.,
sgmtid05,SGMTID05,Monthly Part D Market Segment Identifier - May,SGMTID05,PTD_SGMT_ID_05,CHAR,3,CMS Enrollment Database (EDB),Null/missing or a 3-digit numeric value that includes leading zeros.,
sgmtid06,SGMTID06,Monthly Part D Market Segment Identifier - June,SGMTID06,PTD_SGMT_ID_06,CHAR,3,CMS Enrollment Database (EDB),Null/missing or a 3-digit numeric value that includes leading zeros.,
sgmtid07,SGMTID07,Monthly Part D Market Segment Identifier - July,SGMTID07,PTD_SGMT_ID_07,CHAR,3,CMS Enrollment Database (EDB),Null/missing or a 3-digit numeric value that includes leading zeros.,
sgmtid08,SGMTID08,Monthly Part D Market Segment Identifier - August,SGMTID08,PTD_SGMT_ID_08,CHAR,3,CMS Enrollment Database (EDB),Null/missing or a 3-digit numeric value that includes leading zeros.,
sgmtid09,SGMTID09,Monthly Part D Market Segment Identifier - September,SGMTID09,PTD_SGMT_ID_09,CHAR,3,CMS Enrollment Database (EDB),Null/missing or a 3-digit numeric value that includes leading zeros.,
sgmtid10,SGMTID10,Monthly Part D Market Segment Identifier - October,SGMTID10,PTD_SGMT_ID_10,CHAR,3,CMS Enrollment Database (EDB),Null/missing or a 3-digit numeric value that includes leading zeros.,
sgmtid11,SGMTID11,Monthly Part D Market Segment Identifier - November,SGMTID11,PTD_SGMT_ID_11,CHAR,3,CMS Enrollment Database (EDB),Null/missing or a 3-digit numeric value that includes leading zeros.,
sgmtid12,SGMTID12,Monthly Part D Market Segment Identifier - December,SGMTID12,PTD_SGMT_ID_12,CHAR,3,CMS Enrollment Database (EDB),Null/missing or a 3-digit numeric value that includes leading zeros.,
srvc_dt,SRVC_DT,RX Service Date,SRVC_DT,SRVC_DT,DATE,8,PDE,Date formatted as CCYYMMDD,
srvc_loc_npi_num,SRVC_LOC_NPI_NUM,Claim Service Location NPI Number,SRVC_LOC_NPI_NUM,SRVC_LOC_NPI_NUM,CHAR,22,NCH,,
srvc_prvdr_id,SRVC_PRVDR_ID,Service provider identification number,SRVC_PRVDR_ID,SRVC_PRVDR_ID,CHAR,15,PDE,Up to 10-digit numeric value (example - 1235247610),
srvc_prvdr_id_qlfyr_cd,SRVC_PRVDR_ID_QLFYR_CD,Service provider identification number qualifier code,SRVC_PRVDR_ID_QLFYR_CD,SRVC_PRVDR_ID_QLFYR_CD,CHAR,2,PDE,,
state_cd,STATE_CD,State code for beneficiary (SSA code),STATE_CD,STATE_CODE,CHAR,2,CMS Enrollment Database (EDB),,
step,STEP,Maximum Step Number,STEP,STEP,CHAR,2,PDE and Plan Characteristics (derived),Null,
str,STR,Drug Strength Description,STR,STR,CHAR,10,First DataBank,"10-digit alpha/numeric value (e.g., 25MG, 1",
submsn_clr_cd,SUBMSN_CLR_CD,Submission clarification code,,SUBMSN_CLR_CD,CHAR,2,PDE,,
suplrnum,SUPLRNUM,DMERC Line Supplier Provider Number,SUPLRNUM,PRVDR_NUM,CHAR,10,NCH,,
tax_num,TAX_NUM,Line Provider Tax Number,TAX_NUM,TAX_NUM,CHAR,10,NCH,,
thrpy_cap_ind_cd1,THRPY_CAP_IND_CD1,Therapy Cap Indicator 1 Code,THRPY_CAP_IND_CD1,THRPY_CAP_IND_CD1,CHAR,1,NCH,,
thrpy_cap_ind_cd2,THRPY_CAP_IND_CD2,Therapy Cap Indicator 2 Code,THRPY_CAP_IND_CD2,THRPY_CAP_IND_CD2,CHAR,1,NCH,,
thrpy_cap_ind_cd3,THRPY_CAP_IND_CD3,Therapy Cap Indicator 3 Code,THRPY_CAP_IND_CD3,THRPY_CAP_IND_CD3,CHAR,1,NCH,,
thrpy_cap_ind_cd4,THRPY_CAP_IND_CD4,Therapy Cap Indicator 4 Code,THRPY_CAP_IND_CD4,THRPY_CAP_IND_CD4,CHAR,1,NCH,,
thrpy_cap_ind_cd5,THRPY_CAP_IND_CD5,Therapy Cap Indicator 5 Code,THRPY_CAP_IND_CD5,THRPY_CAP_IND_CD5,CHAR,1,NCH,,
tier_id,TIER_ID,Medicare Part D Formulary Tier Number,TIER_ID,TIER_ID,CHAR,2,PDE and Plan Characteristics (derived),Null,
tot_rx_cst_amt,TOT_RX_CST_AMT,Total drug cost (Part D),TOTALCST,TOT_RX_CST_AMT,NUM,10,PDE,,
v_dod_sw,V_DOD_SW,Valid Date of Death Switch,V_DOD_SW,BENE_VALID_DEATH_DT_SW,CHAR,1,CMS Enrollment Database (EDB),,


